observation_date;DJIA;;
09/03/2015;17995.72;;
10/03/2015;17662.94;;
11/03/2015;17635.39;;
12/03/2015;17895.22;;
13/03/2015;17749.31;;
16/03/2015;17977.42;;
17/03/2015;17849.08;;
18/03/2015;18076.19;;
19/03/2015;17959.03;;
20/03/2015;18127.65;;
23/03/2015;18116.04;;
24/03/2015;18011.14;;
25/03/2015;17718.54;;
26/03/2015;17678.23;;
27/03/2015;17712.66;;
30/03/2015;17976.31;;
31/03/2015;17776.12;;
01/04/2015;17698.18;;
02/04/2015;17763.24;;
03/04/2015;;;
06/04/2015;17880.85;;
07/04/2015;17875.42;;
08/04/2015;17902.51;;
09/04/2015;17958.73;;
10/04/2015;18057.65;;
13/04/2015;17977.04;;
14/04/2015;18036.70;;
15/04/2015;18112.61;;
16/04/2015;18105.77;;
17/04/2015;17826.30;;
20/04/2015;18034.93;;
21/04/2015;17949.59;;
22/04/2015;18038.27;;
23/04/2015;18058.69;;
24/04/2015;18080.14;;
27/04/2015;18037.97;;
28/04/2015;18110.14;;
29/04/2015;18035.53;;
30/04/2015;17840.52;;
01/05/2015;18024.06;;
04/05/2015;18070.40;;
05/05/2015;17928.20;;
06/05/2015;17841.98;;
07/05/2015;17924.06;;
08/05/2015;18191.11;;
11/05/2015;18105.17;;
12/05/2015;18068.23;;
13/05/2015;18060.49;;
14/05/2015;18252.24;;
15/05/2015;18272.56;;
18/05/2015;18298.88;;
19/05/2015;18312.39;;
20/05/2015;18285.40;;
21/05/2015;18285.74;;
22/05/2015;18232.02;;
25/05/2015;;;
26/05/2015;18041.54;;
27/05/2015;18162.99;;
28/05/2015;18126.12;;
29/05/2015;18010.68;;
01/06/2015;18040.37;;
02/06/2015;18011.94;;
03/06/2015;18076.27;;
04/06/2015;17905.58;;
05/06/2015;17849.46;;
08/06/2015;17766.55;;
09/06/2015;17764.04;;
10/06/2015;18000.40;;
11/06/2015;18039.37;;
12/06/2015;17898.84;;
15/06/2015;17791.17;;
16/06/2015;17904.48;;
17/06/2015;17935.74;;
18/06/2015;18115.84;;
19/06/2015;18015.95;;
22/06/2015;18119.78;;
23/06/2015;18144.07;;
24/06/2015;17966.07;;
25/06/2015;17890.36;;
26/06/2015;17946.68;;
29/06/2015;17596.35;;
30/06/2015;17619.51;;
01/07/2015;17757.91;;
02/07/2015;17730.11;;
03/07/2015;;;
06/07/2015;17683.58;;
07/07/2015;17776.91;;
08/07/2015;17515.42;;
09/07/2015;17548.62;;
10/07/2015;17760.41;;
13/07/2015;17977.68;;
14/07/2015;18053.58;;
15/07/2015;18050.17;;
16/07/2015;18120.25;;
17/07/2015;18086.45;;
20/07/2015;18100.41;;
21/07/2015;17919.29;;
22/07/2015;17851.04;;
23/07/2015;17731.92;;
24/07/2015;17568.53;;
27/07/2015;17440.59;;
28/07/2015;17630.27;;
29/07/2015;17751.39;;
30/07/2015;17745.98;;
31/07/2015;17689.86;;
03/08/2015;17598.20;;
04/08/2015;17550.69;;
05/08/2015;17540.47;;
06/08/2015;17419.75;;
07/08/2015;17373.38;;
10/08/2015;17615.17;;
11/08/2015;17402.84;;
12/08/2015;17402.51;;
13/08/2015;17408.25;;
14/08/2015;17477.40;;
17/08/2015;17545.18;;
18/08/2015;17511.34;;
19/08/2015;17348.73;;
20/08/2015;16990.69;;
21/08/2015;16459.75;;
24/08/2015;15871.35;;
25/08/2015;15666.44;;
26/08/2015;16285.51;;
27/08/2015;16654.77;;
28/08/2015;16643.01;;
31/08/2015;16528.03;;
01/09/2015;16058.35;;
02/09/2015;16351.38;;
03/09/2015;16374.76;;
04/09/2015;16102.38;;
07/09/2015;;;
08/09/2015;16492.68;;
09/09/2015;16253.57;;
10/09/2015;16330.40;;
11/09/2015;16433.09;;
14/09/2015;16370.96;;
15/09/2015;16599.85;;
16/09/2015;16739.95;;
17/09/2015;16674.74;;
18/09/2015;16384.58;;
21/09/2015;16510.19;;
22/09/2015;16330.47;;
23/09/2015;16279.89;;
24/09/2015;16201.32;;
25/09/2015;16314.67;;
28/09/2015;16001.89;;
29/09/2015;16049.13;;
30/09/2015;16284.70;;
01/10/2015;16272.01;;
02/10/2015;16472.37;;
05/10/2015;16776.43;;
06/10/2015;16790.19;;
07/10/2015;16912.29;;
08/10/2015;17050.75;;
09/10/2015;17084.49;;
12/10/2015;17131.86;;
13/10/2015;17081.89;;
14/10/2015;16924.75;;
15/10/2015;17141.75;;
16/10/2015;17215.97;;
19/10/2015;17230.54;;
20/10/2015;17217.11;;
21/10/2015;17168.61;;
22/10/2015;17489.16;;
23/10/2015;17646.70;;
26/10/2015;17623.05;;
27/10/2015;17581.43;;
28/10/2015;17779.52;;
29/10/2015;17755.80;;
30/10/2015;17663.54;;
02/11/2015;17828.76;;
03/11/2015;17918.15;;
04/11/2015;17867.58;;
05/11/2015;17863.43;;
06/11/2015;17910.33;;
09/11/2015;17730.48;;
10/11/2015;17758.21;;
11/11/2015;17702.22;;
12/11/2015;17448.07;;
13/11/2015;17245.24;;
16/11/2015;17483.01;;
17/11/2015;17489.50;;
18/11/2015;17737.16;;
19/11/2015;17732.75;;
20/11/2015;17823.81;;
23/11/2015;17792.68;;
24/11/2015;17812.19;;
25/11/2015;17813.39;;
26/11/2015;;;
27/11/2015;17798.49;;
30/11/2015;17719.92;;
01/12/2015;17888.35;;
02/12/2015;17729.68;;
03/12/2015;17477.67;;
04/12/2015;17847.63;;
07/12/2015;17730.51;;
08/12/2015;17568.00;;
09/12/2015;17492.30;;
10/12/2015;17574.75;;
11/12/2015;17265.21;;
14/12/2015;17368.50;;
15/12/2015;17524.91;;
16/12/2015;17749.09;;
17/12/2015;17495.84;;
18/12/2015;17128.55;;
21/12/2015;17251.62;;
22/12/2015;17417.27;;
23/12/2015;17602.61;;
24/12/2015;17552.17;;
25/12/2015;;;
28/12/2015;17528.27;;
29/12/2015;17720.98;;
30/12/2015;17603.87;;
31/12/2015;17425.03;;
01/01/2016;;;
04/01/2016;17148.94;;
05/01/2016;17158.66;;
06/01/2016;16906.51;;
07/01/2016;16514.10;;
08/01/2016;16346.45;;
11/01/2016;16398.57;;
12/01/2016;16516.22;;
13/01/2016;16151.41;;
14/01/2016;16379.05;;
15/01/2016;15988.08;;
18/01/2016;;;
19/01/2016;16016.02;;
20/01/2016;15766.74;;
21/01/2016;15882.68;;
22/01/2016;16093.51;;
25/01/2016;15885.22;;
26/01/2016;16167.23;;
27/01/2016;15944.46;;
28/01/2016;16069.64;;
29/01/2016;16466.30;;
01/02/2016;16449.18;;
02/02/2016;16153.54;;
03/02/2016;16336.66;;
04/02/2016;16416.58;;
05/02/2016;16204.97;;
08/02/2016;16027.05;;
09/02/2016;16014.38;;
10/02/2016;15914.74;;
11/02/2016;15660.18;;
12/02/2016;15973.84;;
15/02/2016;;;
16/02/2016;16196.41;;
17/02/2016;16453.83;;
18/02/2016;16413.43;;
19/02/2016;16391.99;;
22/02/2016;16620.66;;
23/02/2016;16431.78;;
24/02/2016;16484.99;;
25/02/2016;16697.29;;
26/02/2016;16639.97;;
29/02/2016;16516.50;;
01/03/2016;16865.08;;
02/03/2016;16899.32;;
03/03/2016;16943.90;;
04/03/2016;17006.77;;
07/03/2016;17073.95;;
08/03/2016;16964.10;;
09/03/2016;17000.36;;
10/03/2016;16995.13;;
11/03/2016;17213.31;;
14/03/2016;17229.13;;
15/03/2016;17251.53;;
16/03/2016;17325.76;;
17/03/2016;17481.49;;
18/03/2016;17602.30;;
21/03/2016;17623.87;;
22/03/2016;17582.57;;
23/03/2016;17502.59;;
24/03/2016;17515.73;;
25/03/2016;;;
28/03/2016;17535.39;;
29/03/2016;17633.11;;
30/03/2016;17716.66;;
31/03/2016;17685.09;;
01/04/2016;17792.75;;
04/04/2016;17737.00;;
05/04/2016;17603.32;;
06/04/2016;17716.05;;
07/04/2016;17541.96;;
08/04/2016;17576.96;;
11/04/2016;17556.41;;
12/04/2016;17721.25;;
13/04/2016;17908.28;;
14/04/2016;17926.43;;
15/04/2016;17897.46;;
18/04/2016;18004.16;;
19/04/2016;18053.60;;
20/04/2016;18096.27;;
21/04/2016;17982.52;;
22/04/2016;18003.75;;
25/04/2016;17977.24;;
26/04/2016;17990.32;;
27/04/2016;18041.55;;
28/04/2016;17830.76;;
29/04/2016;17773.64;;
02/05/2016;17891.16;;
03/05/2016;17750.91;;
04/05/2016;17651.26;;
05/05/2016;17660.71;;
06/05/2016;17740.63;;
09/05/2016;17705.91;;
10/05/2016;17928.35;;
11/05/2016;17711.12;;
12/05/2016;17720.50;;
13/05/2016;17535.32;;
16/05/2016;17710.71;;
17/05/2016;17529.98;;
18/05/2016;17526.62;;
19/05/2016;17435.40;;
20/05/2016;17500.94;;
23/05/2016;17492.93;;
24/05/2016;17706.05;;
25/05/2016;17851.51;;
26/05/2016;17828.29;;
27/05/2016;17873.22;;
30/05/2016;;;
31/05/2016;17787.20;;
01/06/2016;17789.67;;
02/06/2016;17838.56;;
03/06/2016;17807.06;;
06/06/2016;17920.33;;
07/06/2016;17938.28;;
08/06/2016;18005.05;;
09/06/2016;17985.19;;
10/06/2016;17865.34;;
13/06/2016;17732.48;;
14/06/2016;17674.82;;
15/06/2016;17640.17;;
16/06/2016;17733.10;;
17/06/2016;17675.16;;
20/06/2016;17804.87;;
21/06/2016;17829.73;;
22/06/2016;17780.83;;
23/06/2016;18011.07;;
24/06/2016;17400.75;;
27/06/2016;17140.24;;
28/06/2016;17409.72;;
29/06/2016;17694.68;;
30/06/2016;17929.99;;
01/07/2016;17949.37;;
04/07/2016;;;
05/07/2016;17840.62;;
06/07/2016;17918.62;;
07/07/2016;17895.88;;
08/07/2016;18146.74;;
11/07/2016;18226.93;;
12/07/2016;18347.67;;
13/07/2016;18372.12;;
14/07/2016;18506.41;;
15/07/2016;18516.55;;
18/07/2016;18533.05;;
19/07/2016;18559.01;;
20/07/2016;18595.03;;
21/07/2016;18517.23;;
22/07/2016;18570.85;;
25/07/2016;18493.06;;
26/07/2016;18473.75;;
27/07/2016;18472.17;;
28/07/2016;18456.35;;
29/07/2016;18432.24;;
01/08/2016;18404.51;;
02/08/2016;18313.77;;
03/08/2016;18355.00;;
04/08/2016;18352.05;;
05/08/2016;18543.53;;
08/08/2016;18529.29;;
09/08/2016;18533.05;;
10/08/2016;18495.66;;
11/08/2016;18613.52;;
12/08/2016;18576.47;;
15/08/2016;18636.05;;
16/08/2016;18552.02;;
17/08/2016;18573.94;;
18/08/2016;18597.70;;
19/08/2016;18552.57;;
22/08/2016;18529.42;;
23/08/2016;18547.30;;
24/08/2016;18481.48;;
25/08/2016;18448.41;;
26/08/2016;18395.40;;
29/08/2016;18502.99;;
30/08/2016;18454.30;;
31/08/2016;18400.88;;
01/09/2016;18419.30;;
02/09/2016;18491.96;;
05/09/2016;;;
06/09/2016;18538.12;;
07/09/2016;18526.14;;
08/09/2016;18479.91;;
09/09/2016;18085.45;;
12/09/2016;18325.07;;
13/09/2016;18066.75;;
14/09/2016;18034.77;;
15/09/2016;18212.48;;
16/09/2016;18123.80;;
19/09/2016;18120.17;;
20/09/2016;18129.96;;
21/09/2016;18293.70;;
22/09/2016;18392.46;;
23/09/2016;18261.45;;
26/09/2016;18094.83;;
27/09/2016;18228.30;;
28/09/2016;18339.24;;
29/09/2016;18143.45;;
30/09/2016;18308.15;;
03/10/2016;18253.85;;
04/10/2016;18168.45;;
05/10/2016;18281.03;;
06/10/2016;18268.50;;
07/10/2016;18240.49;;
10/10/2016;18329.04;;
11/10/2016;18128.66;;
12/10/2016;18144.20;;
13/10/2016;18098.94;;
14/10/2016;18138.38;;
17/10/2016;18086.40;;
18/10/2016;18161.94;;
19/10/2016;18202.62;;
20/10/2016;18162.35;;
21/10/2016;18145.71;;
24/10/2016;18223.03;;
25/10/2016;18169.27;;
26/10/2016;18199.33;;
27/10/2016;18169.68;;
28/10/2016;18161.19;;
31/10/2016;18142.42;;
01/11/2016;18037.10;;
02/11/2016;17959.64;;
03/11/2016;17930.67;;
04/11/2016;17888.28;;
07/11/2016;18259.60;;
08/11/2016;18332.74;;
09/11/2016;18589.69;;
10/11/2016;18807.88;;
11/11/2016;18847.66;;
14/11/2016;18868.69;;
15/11/2016;18923.06;;
16/11/2016;18868.14;;
17/11/2016;18903.82;;
18/11/2016;18867.93;;
21/11/2016;18956.69;;
22/11/2016;19023.87;;
23/11/2016;19083.18;;
24/11/2016;;;
25/11/2016;19152.14;;
28/11/2016;19097.90;;
29/11/2016;19121.60;;
30/11/2016;19123.58;;
01/12/2016;19191.93;;
02/12/2016;19170.42;;
05/12/2016;19216.24;;
06/12/2016;19251.78;;
07/12/2016;19549.62;;
08/12/2016;19614.81;;
09/12/2016;19756.85;;
12/12/2016;19796.43;;
13/12/2016;19911.21;;
14/12/2016;19792.53;;
15/12/2016;19852.24;;
16/12/2016;19843.41;;
19/12/2016;19883.06;;
20/12/2016;19974.62;;
21/12/2016;19941.96;;
22/12/2016;19918.88;;
23/12/2016;19933.81;;
26/12/2016;;;
27/12/2016;19945.04;;
28/12/2016;19833.68;;
29/12/2016;19819.78;;
30/12/2016;19762.60;;
02/01/2017;;;
03/01/2017;19881.76;;
04/01/2017;19942.16;;
05/01/2017;19899.29;;
06/01/2017;19963.80;;
09/01/2017;19887.38;;
10/01/2017;19855.53;;
11/01/2017;19954.28;;
12/01/2017;19891.00;;
13/01/2017;19885.73;;
16/01/2017;;;
17/01/2017;19826.77;;
18/01/2017;19804.72;;
19/01/2017;19732.40;;
20/01/2017;19827.25;;
23/01/2017;19799.85;;
24/01/2017;19912.71;;
25/01/2017;20068.51;;
26/01/2017;20100.91;;
27/01/2017;20093.78;;
30/01/2017;19971.13;;
31/01/2017;19864.09;;
01/02/2017;19890.94;;
02/02/2017;19884.91;;
03/02/2017;20071.46;;
06/02/2017;20052.42;;
07/02/2017;20090.29;;
08/02/2017;20054.34;;
09/02/2017;20172.40;;
10/02/2017;20269.37;;
13/02/2017;20412.16;;
14/02/2017;20504.41;;
15/02/2017;20611.86;;
16/02/2017;20619.77;;
17/02/2017;20624.05;;
20/02/2017;;;
21/02/2017;20743.00;;
22/02/2017;20775.60;;
23/02/2017;20810.32;;
24/02/2017;20821.76;;
27/02/2017;20837.44;;
28/02/2017;20812.24;;
01/03/2017;21115.55;;
02/03/2017;21002.97;;
03/03/2017;21005.71;;
06/03/2017;20954.34;;
07/03/2017;20924.76;;
08/03/2017;20855.73;;
09/03/2017;20858.19;;
10/03/2017;20902.98;;
13/03/2017;20881.48;;
14/03/2017;20837.37;;
15/03/2017;20950.10;;
16/03/2017;20934.55;;
17/03/2017;20914.62;;
20/03/2017;20905.86;;
21/03/2017;20668.01;;
22/03/2017;20661.30;;
23/03/2017;20656.58;;
24/03/2017;20596.72;;
27/03/2017;20550.98;;
28/03/2017;20701.50;;
29/03/2017;20659.32;;
30/03/2017;20728.49;;
31/03/2017;20663.22;;
03/04/2017;20650.21;;
04/04/2017;20689.24;;
05/04/2017;20648.15;;
06/04/2017;20662.95;;
07/04/2017;20656.10;;
10/04/2017;20658.02;;
11/04/2017;20651.30;;
12/04/2017;20591.86;;
13/04/2017;20453.25;;
14/04/2017;;;
17/04/2017;20636.92;;
18/04/2017;20523.28;;
19/04/2017;20404.49;;
20/04/2017;20578.71;;
21/04/2017;20547.76;;
24/04/2017;20763.89;;
25/04/2017;20996.12;;
26/04/2017;20975.09;;
27/04/2017;20981.33;;
28/04/2017;20940.51;;
01/05/2017;20913.46;;
02/05/2017;20949.89;;
03/05/2017;20957.90;;
04/05/2017;20951.47;;
05/05/2017;21006.94;;
08/05/2017;21012.28;;
09/05/2017;20975.78;;
10/05/2017;20943.11;;
11/05/2017;20919.42;;
12/05/2017;20896.61;;
15/05/2017;20981.94;;
16/05/2017;20979.75;;
17/05/2017;20606.93;;
18/05/2017;20663.02;;
19/05/2017;20804.84;;
22/05/2017;20894.83;;
23/05/2017;20937.91;;
24/05/2017;21012.42;;
25/05/2017;21082.95;;
26/05/2017;21080.28;;
29/05/2017;;;
30/05/2017;21029.47;;
31/05/2017;21008.65;;
01/06/2017;21144.18;;
02/06/2017;21206.29;;
05/06/2017;21184.04;;
06/06/2017;21136.23;;
07/06/2017;21173.69;;
08/06/2017;21182.53;;
09/06/2017;21271.97;;
12/06/2017;21235.67;;
13/06/2017;21328.47;;
14/06/2017;21374.56;;
15/06/2017;21359.90;;
16/06/2017;21384.28;;
19/06/2017;21528.99;;
20/06/2017;21467.14;;
21/06/2017;21410.03;;
22/06/2017;21397.29;;
23/06/2017;21394.76;;
26/06/2017;21409.55;;
27/06/2017;21310.66;;
28/06/2017;21454.61;;
29/06/2017;21287.03;;
30/06/2017;21349.63;;
03/07/2017;21479.27;;
04/07/2017;;;
05/07/2017;21478.17;;
06/07/2017;21320.04;;
07/07/2017;21414.34;;
10/07/2017;21408.52;;
11/07/2017;21409.07;;
12/07/2017;21532.14;;
13/07/2017;21553.09;;
14/07/2017;21637.74;;
17/07/2017;21629.72;;
18/07/2017;21574.73;;
19/07/2017;21640.75;;
20/07/2017;21611.78;;
21/07/2017;21580.07;;
24/07/2017;21513.17;;
25/07/2017;21613.43;;
26/07/2017;21711.01;;
27/07/2017;21796.55;;
28/07/2017;21830.31;;
31/07/2017;21891.12;;
01/08/2017;21963.92;;
02/08/2017;22016.24;;
03/08/2017;22026.10;;
04/08/2017;22092.81;;
07/08/2017;22118.42;;
08/08/2017;22085.34;;
09/08/2017;22048.70;;
10/08/2017;21844.01;;
11/08/2017;21858.32;;
14/08/2017;21993.71;;
15/08/2017;21998.99;;
16/08/2017;22024.87;;
17/08/2017;21750.73;;
18/08/2017;21674.51;;
21/08/2017;21703.75;;
22/08/2017;21899.89;;
23/08/2017;21812.09;;
24/08/2017;21783.40;;
25/08/2017;21813.67;;
28/08/2017;21808.40;;
29/08/2017;21865.37;;
30/08/2017;21892.43;;
31/08/2017;21948.10;;
01/09/2017;21987.56;;
04/09/2017;;;
05/09/2017;21753.31;;
06/09/2017;21807.64;;
07/09/2017;21784.78;;
08/09/2017;21797.79;;
11/09/2017;22057.37;;
12/09/2017;22118.86;;
13/09/2017;22158.18;;
14/09/2017;22203.48;;
15/09/2017;22268.34;;
18/09/2017;22331.35;;
19/09/2017;22370.80;;
20/09/2017;22412.59;;
21/09/2017;22359.23;;
22/09/2017;22349.59;;
25/09/2017;22296.09;;
26/09/2017;22284.32;;
27/09/2017;22340.71;;
28/09/2017;22381.20;;
29/09/2017;22405.09;;
02/10/2017;22557.60;;
03/10/2017;22641.67;;
04/10/2017;22661.64;;
05/10/2017;22775.39;;
06/10/2017;22773.67;;
09/10/2017;22761.07;;
10/10/2017;22830.68;;
11/10/2017;22872.89;;
12/10/2017;22841.01;;
13/10/2017;22871.72;;
16/10/2017;22956.96;;
17/10/2017;22997.44;;
18/10/2017;23157.60;;
19/10/2017;23163.04;;
20/10/2017;23328.63;;
23/10/2017;23273.96;;
24/10/2017;23441.76;;
25/10/2017;23329.46;;
26/10/2017;23400.86;;
27/10/2017;23434.19;;
30/10/2017;23348.74;;
31/10/2017;23377.24;;
01/11/2017;23435.01;;
02/11/2017;23516.26;;
03/11/2017;23539.19;;
06/11/2017;23548.42;;
07/11/2017;23557.23;;
08/11/2017;23563.36;;
09/11/2017;23461.94;;
10/11/2017;23422.21;;
13/11/2017;23439.70;;
14/11/2017;23409.47;;
15/11/2017;23271.28;;
16/11/2017;23458.36;;
17/11/2017;23358.24;;
20/11/2017;23430.33;;
21/11/2017;23590.83;;
22/11/2017;23526.18;;
23/11/2017;;;
24/11/2017;23557.99;;
27/11/2017;23580.78;;
28/11/2017;23836.71;;
29/11/2017;23940.68;;
30/11/2017;24272.35;;
01/12/2017;24231.59;;
04/12/2017;24290.05;;
05/12/2017;24180.64;;
06/12/2017;24140.91;;
07/12/2017;24211.48;;
08/12/2017;24329.16;;
11/12/2017;24386.03;;
12/12/2017;24504.80;;
13/12/2017;24585.43;;
14/12/2017;24508.66;;
15/12/2017;24651.74;;
18/12/2017;24792.20;;
19/12/2017;24754.75;;
20/12/2017;24726.65;;
21/12/2017;24782.29;;
22/12/2017;24754.06;;
25/12/2017;;;
26/12/2017;24746.21;;
27/12/2017;24774.30;;
28/12/2017;24837.51;;
29/12/2017;24719.22;;
01/01/2018;;;
02/01/2018;24824.01;;
03/01/2018;24922.68;;
04/01/2018;25075.13;;
05/01/2018;25295.87;;
08/01/2018;25283.00;;
09/01/2018;25385.80;;
10/01/2018;25369.13;;
11/01/2018;25574.73;;
12/01/2018;25803.19;;
15/01/2018;;;
16/01/2018;25792.86;;
17/01/2018;26115.65;;
18/01/2018;26017.81;;
19/01/2018;26071.72;;
22/01/2018;26214.60;;
23/01/2018;26210.81;;
24/01/2018;26252.12;;
25/01/2018;26392.79;;
26/01/2018;26616.71;;
29/01/2018;26439.48;;
30/01/2018;26076.89;;
31/01/2018;26149.39;;
01/02/2018;26186.71;;
02/02/2018;25520.96;;
05/02/2018;24345.75;;
06/02/2018;24912.77;;
07/02/2018;24893.35;;
08/02/2018;23860.46;;
09/02/2018;24190.90;;
12/02/2018;24601.27;;
13/02/2018;24640.45;;
14/02/2018;24893.49;;
15/02/2018;25200.37;;
16/02/2018;25219.38;;
19/02/2018;;;
20/02/2018;24964.75;;
21/02/2018;24797.78;;
22/02/2018;24962.48;;
23/02/2018;25309.99;;
26/02/2018;25709.27;;
27/02/2018;25410.03;;
28/02/2018;25029.20;;
01/03/2018;24608.98;;
02/03/2018;24538.06;;
05/03/2018;24874.76;;
06/03/2018;24884.12;;
07/03/2018;24801.36;;
08/03/2018;24895.21;;
09/03/2018;25335.74;;
12/03/2018;25178.61;;
13/03/2018;25007.03;;
14/03/2018;24758.12;;
15/03/2018;24873.66;;
16/03/2018;24946.51;;
19/03/2018;24610.91;;
20/03/2018;24727.27;;
21/03/2018;24682.31;;
22/03/2018;23957.89;;
23/03/2018;23533.20;;
26/03/2018;24202.60;;
27/03/2018;23857.71;;
28/03/2018;23848.42;;
29/03/2018;24103.11;;
30/03/2018;;;
02/04/2018;23644.19;;
03/04/2018;24033.36;;
04/04/2018;24264.30;;
05/04/2018;24505.22;;
06/04/2018;23932.76;;
09/04/2018;23979.10;;
10/04/2018;24408.00;;
11/04/2018;24189.45;;
12/04/2018;24483.05;;
13/04/2018;24360.14;;
16/04/2018;24573.04;;
17/04/2018;24786.63;;
18/04/2018;24748.07;;
19/04/2018;24664.89;;
20/04/2018;24462.94;;
23/04/2018;24448.69;;
24/04/2018;24024.13;;
25/04/2018;24083.83;;
26/04/2018;24322.34;;
27/04/2018;24311.19;;
30/04/2018;24163.15;;
01/05/2018;24099.05;;
02/05/2018;23924.98;;
03/05/2018;23930.15;;
04/05/2018;24262.51;;
07/05/2018;24357.32;;
08/05/2018;24360.21;;
09/05/2018;24542.54;;
10/05/2018;24739.53;;
11/05/2018;24831.17;;
14/05/2018;24899.41;;
15/05/2018;24706.41;;
16/05/2018;24768.93;;
17/05/2018;24713.98;;
18/05/2018;24715.09;;
21/05/2018;25013.29;;
22/05/2018;24834.41;;
23/05/2018;24886.81;;
24/05/2018;24811.76;;
25/05/2018;24753.09;;
28/05/2018;;;
29/05/2018;24361.45;;
30/05/2018;24667.78;;
31/05/2018;24415.84;;
01/06/2018;24635.21;;
04/06/2018;24813.69;;
05/06/2018;24799.98;;
06/06/2018;25146.39;;
07/06/2018;25241.41;;
08/06/2018;25316.53;;
11/06/2018;25322.31;;
12/06/2018;25320.73;;
13/06/2018;25201.20;;
14/06/2018;25175.31;;
15/06/2018;25090.48;;
18/06/2018;24987.47;;
19/06/2018;24700.21;;
20/06/2018;24657.80;;
21/06/2018;24461.70;;
22/06/2018;24580.89;;
25/06/2018;24252.80;;
26/06/2018;24283.11;;
27/06/2018;24117.59;;
28/06/2018;24216.05;;
29/06/2018;24271.41;;
02/07/2018;24307.18;;
03/07/2018;24174.82;;
04/07/2018;;;
05/07/2018;24356.74;;
06/07/2018;24456.48;;
09/07/2018;24776.59;;
10/07/2018;24919.66;;
11/07/2018;24700.45;;
12/07/2018;24924.89;;
13/07/2018;25019.41;;
16/07/2018;25064.36;;
17/07/2018;25119.89;;
18/07/2018;25199.29;;
19/07/2018;25064.50;;
20/07/2018;25058.12;;
23/07/2018;25044.29;;
24/07/2018;25241.94;;
25/07/2018;25414.10;;
26/07/2018;25527.07;;
27/07/2018;25451.06;;
30/07/2018;25306.83;;
31/07/2018;25415.19;;
01/08/2018;25333.82;;
02/08/2018;25326.16;;
03/08/2018;25462.58;;
06/08/2018;25502.18;;
07/08/2018;25628.91;;
08/08/2018;25583.75;;
09/08/2018;25509.23;;
10/08/2018;25313.14;;
13/08/2018;25187.70;;
14/08/2018;25299.92;;
15/08/2018;25162.41;;
16/08/2018;25558.73;;
17/08/2018;25669.32;;
20/08/2018;25758.69;;
21/08/2018;25822.29;;
22/08/2018;25733.60;;
23/08/2018;25656.98;;
24/08/2018;25790.35;;
27/08/2018;26049.64;;
28/08/2018;26064.02;;
29/08/2018;26124.57;;
30/08/2018;25986.92;;
31/08/2018;25964.82;;
03/09/2018;;;
04/09/2018;25952.48;;
05/09/2018;25974.99;;
06/09/2018;25995.87;;
07/09/2018;25916.54;;
10/09/2018;25857.07;;
11/09/2018;25971.06;;
12/09/2018;25998.92;;
13/09/2018;26145.99;;
14/09/2018;26154.67;;
17/09/2018;26062.12;;
18/09/2018;26246.96;;
19/09/2018;26405.76;;
20/09/2018;26656.98;;
21/09/2018;26743.50;;
24/09/2018;26562.05;;
25/09/2018;26492.21;;
26/09/2018;26385.28;;
27/09/2018;26439.93;;
28/09/2018;26458.31;;
01/10/2018;26651.21;;
02/10/2018;26773.94;;
03/10/2018;26828.39;;
04/10/2018;26627.48;;
05/10/2018;26447.05;;
08/10/2018;26486.78;;
09/10/2018;26430.57;;
10/10/2018;25598.74;;
11/10/2018;25052.83;;
12/10/2018;25339.99;;
15/10/2018;25250.55;;
16/10/2018;25798.42;;
17/10/2018;25706.68;;
18/10/2018;25379.45;;
19/10/2018;25444.34;;
22/10/2018;25317.41;;
23/10/2018;25191.43;;
24/10/2018;24583.42;;
25/10/2018;24984.55;;
26/10/2018;24688.31;;
29/10/2018;24442.92;;
30/10/2018;24874.64;;
31/10/2018;25115.76;;
01/11/2018;25380.74;;
02/11/2018;25270.83;;
05/11/2018;25461.70;;
06/11/2018;25635.01;;
07/11/2018;26180.30;;
08/11/2018;26191.22;;
09/11/2018;25989.30;;
12/11/2018;25387.18;;
13/11/2018;25286.49;;
14/11/2018;25080.50;;
15/11/2018;25289.27;;
16/11/2018;25413.22;;
19/11/2018;25017.44;;
20/11/2018;24465.64;;
21/11/2018;24464.69;;
22/11/2018;;;
23/11/2018;24285.95;;
26/11/2018;24640.24;;
27/11/2018;24748.73;;
28/11/2018;25366.43;;
29/11/2018;25338.84;;
30/11/2018;25538.46;;
03/12/2018;25826.43;;
04/12/2018;25027.07;;
05/12/2018;;;
06/12/2018;24947.67;;
07/12/2018;24388.95;;
10/12/2018;24423.26;;
11/12/2018;24370.24;;
12/12/2018;24527.27;;
13/12/2018;24597.38;;
14/12/2018;24100.51;;
17/12/2018;23592.98;;
18/12/2018;23675.64;;
19/12/2018;23323.66;;
20/12/2018;22859.60;;
21/12/2018;22445.37;;
24/12/2018;21792.20;;
25/12/2018;;;
26/12/2018;22878.45;;
27/12/2018;23138.82;;
28/12/2018;23062.40;;
31/12/2018;23327.46;;
01/01/2019;;;
02/01/2019;23346.24;;
03/01/2019;22686.22;;
04/01/2019;23433.16;;
07/01/2019;23531.35;;
08/01/2019;23787.45;;
09/01/2019;23879.12;;
10/01/2019;24001.92;;
11/01/2019;23995.95;;
14/01/2019;23909.84;;
15/01/2019;24065.59;;
16/01/2019;24207.16;;
17/01/2019;24370.10;;
18/01/2019;24706.35;;
21/01/2019;;;
22/01/2019;24404.48;;
23/01/2019;24575.62;;
24/01/2019;24553.24;;
25/01/2019;24737.20;;
28/01/2019;24528.22;;
29/01/2019;24579.96;;
30/01/2019;25014.86;;
31/01/2019;24999.67;;
01/02/2019;25063.89;;
04/02/2019;25239.37;;
05/02/2019;25411.52;;
06/02/2019;25390.30;;
07/02/2019;25169.53;;
08/02/2019;25106.33;;
11/02/2019;25053.11;;
12/02/2019;25425.76;;
13/02/2019;25543.27;;
14/02/2019;25439.39;;
15/02/2019;25883.25;;
18/02/2019;;;
19/02/2019;25891.32;;
20/02/2019;25954.44;;
21/02/2019;25850.63;;
22/02/2019;26031.81;;
25/02/2019;26091.95;;
26/02/2019;26057.98;;
27/02/2019;25985.16;;
28/02/2019;25916.00;;
01/03/2019;26026.32;;
04/03/2019;25819.65;;
05/03/2019;25806.63;;
06/03/2019;25673.46;;
07/03/2019;25473.23;;
08/03/2019;25450.24;;
11/03/2019;25650.88;;
12/03/2019;25554.66;;
13/03/2019;25702.89;;
14/03/2019;25709.94;;
15/03/2019;25848.87;;
18/03/2019;25914.10;;
19/03/2019;25887.38;;
20/03/2019;25745.67;;
21/03/2019;25962.51;;
22/03/2019;25502.32;;
25/03/2019;25516.83;;
26/03/2019;25657.73;;
27/03/2019;25625.59;;
28/03/2019;25717.46;;
29/03/2019;25928.68;;
01/04/2019;26258.42;;
02/04/2019;26179.13;;
03/04/2019;26218.13;;
04/04/2019;26384.63;;
05/04/2019;26424.99;;
08/04/2019;26341.02;;
09/04/2019;26150.58;;
10/04/2019;26157.16;;
11/04/2019;26143.05;;
12/04/2019;26412.30;;
15/04/2019;26384.77;;
16/04/2019;26452.66;;
17/04/2019;26449.54;;
18/04/2019;26559.54;;
19/04/2019;;;
22/04/2019;26511.05;;
23/04/2019;26656.39;;
24/04/2019;26597.05;;
25/04/2019;26462.08;;
26/04/2019;26543.33;;
29/04/2019;26554.39;;
30/04/2019;26592.91;;
01/05/2019;26430.14;;
02/05/2019;26307.79;;
03/05/2019;26504.95;;
06/05/2019;26438.48;;
07/05/2019;25965.09;;
08/05/2019;25967.33;;
09/05/2019;25828.36;;
10/05/2019;25942.37;;
13/05/2019;25324.99;;
14/05/2019;25532.05;;
15/05/2019;25648.02;;
16/05/2019;25862.68;;
17/05/2019;25764.00;;
20/05/2019;25679.90;;
21/05/2019;25877.33;;
22/05/2019;25776.61;;
23/05/2019;25490.47;;
24/05/2019;25585.69;;
27/05/2019;;;
28/05/2019;25347.77;;
29/05/2019;25126.41;;
30/05/2019;25169.88;;
31/05/2019;24815.04;;
03/06/2019;24819.78;;
04/06/2019;25332.18;;
05/06/2019;25539.57;;
06/06/2019;25720.66;;
07/06/2019;25983.94;;
10/06/2019;26062.68;;
11/06/2019;26048.51;;
12/06/2019;26004.83;;
13/06/2019;26106.77;;
14/06/2019;26089.61;;
17/06/2019;26112.53;;
18/06/2019;26465.54;;
19/06/2019;26504.00;;
20/06/2019;26753.17;;
21/06/2019;26719.13;;
24/06/2019;26727.54;;
25/06/2019;26548.22;;
26/06/2019;26536.82;;
27/06/2019;26526.58;;
28/06/2019;26599.96;;
01/07/2019;26717.43;;
02/07/2019;26786.68;;
03/07/2019;26966.00;;
04/07/2019;;;
05/07/2019;26922.12;;
08/07/2019;26806.14;;
09/07/2019;26783.49;;
10/07/2019;26860.20;;
11/07/2019;27088.08;;
12/07/2019;27332.03;;
15/07/2019;27359.16;;
16/07/2019;27335.63;;
17/07/2019;27219.85;;
18/07/2019;27222.97;;
19/07/2019;27154.20;;
22/07/2019;27171.90;;
23/07/2019;27349.19;;
24/07/2019;27269.97;;
25/07/2019;27140.98;;
26/07/2019;27192.45;;
29/07/2019;27221.35;;
30/07/2019;27198.02;;
31/07/2019;26864.27;;
01/08/2019;26583.42;;
02/08/2019;26485.01;;
05/08/2019;25717.74;;
06/08/2019;26029.52;;
07/08/2019;26007.07;;
08/08/2019;26378.19;;
09/08/2019;26287.44;;
12/08/2019;25907.37;;
13/08/2019;26279.91;;
14/08/2019;25479.42;;
15/08/2019;25579.39;;
16/08/2019;25886.01;;
19/08/2019;26135.79;;
20/08/2019;25962.44;;
21/08/2019;26202.73;;
22/08/2019;26252.24;;
23/08/2019;25628.90;;
26/08/2019;25898.83;;
27/08/2019;25777.90;;
28/08/2019;26036.10;;
29/08/2019;26362.25;;
30/08/2019;26403.28;;
02/09/2019;;;
03/09/2019;26118.02;;
04/09/2019;26355.47;;
05/09/2019;26728.15;;
06/09/2019;26797.46;;
09/09/2019;26835.51;;
10/09/2019;26909.43;;
11/09/2019;27137.04;;
12/09/2019;27182.45;;
13/09/2019;27219.52;;
16/09/2019;27076.82;;
17/09/2019;27110.80;;
18/09/2019;27147.08;;
19/09/2019;27094.79;;
20/09/2019;26935.07;;
23/09/2019;26949.99;;
24/09/2019;26807.77;;
25/09/2019;26970.71;;
26/09/2019;26891.12;;
27/09/2019;26820.25;;
30/09/2019;26916.83;;
01/10/2019;26573.04;;
02/10/2019;26078.62;;
03/10/2019;26201.04;;
04/10/2019;26573.72;;
07/10/2019;26478.02;;
08/10/2019;26164.04;;
09/10/2019;26346.01;;
10/10/2019;26496.67;;
11/10/2019;26816.59;;
14/10/2019;26787.36;;
15/10/2019;27024.80;;
16/10/2019;27001.98;;
17/10/2019;27025.88;;
18/10/2019;26770.20;;
21/10/2019;26827.64;;
22/10/2019;26788.10;;
23/10/2019;26833.95;;
24/10/2019;26805.53;;
25/10/2019;26958.06;;
28/10/2019;27090.72;;
29/10/2019;27071.42;;
30/10/2019;27186.69;;
31/10/2019;27046.23;;
01/11/2019;27347.36;;
04/11/2019;27462.11;;
05/11/2019;27492.63;;
06/11/2019;27492.56;;
07/11/2019;27674.80;;
08/11/2019;27681.24;;
11/11/2019;27691.49;;
12/11/2019;27691.49;;
13/11/2019;27783.59;;
14/11/2019;27781.96;;
15/11/2019;28004.89;;
18/11/2019;28036.22;;
19/11/2019;27934.02;;
20/11/2019;27821.09;;
21/11/2019;27766.29;;
22/11/2019;27875.62;;
25/11/2019;28066.47;;
26/11/2019;28121.68;;
27/11/2019;28164.00;;
28/11/2019;;;
29/11/2019;28051.41;;
02/12/2019;27783.04;;
03/12/2019;27502.81;;
04/12/2019;27649.78;;
05/12/2019;27677.79;;
06/12/2019;28015.06;;
09/12/2019;27909.60;;
10/12/2019;27881.72;;
11/12/2019;27911.30;;
12/12/2019;28132.05;;
13/12/2019;28135.38;;
16/12/2019;28235.89;;
17/12/2019;28267.16;;
18/12/2019;28239.28;;
19/12/2019;28376.96;;
20/12/2019;28455.09;;
23/12/2019;28551.53;;
24/12/2019;28515.45;;
25/12/2019;;;
26/12/2019;28621.39;;
27/12/2019;28645.26;;
30/12/2019;28462.14;;
31/12/2019;28538.44;;
01/01/2020;;;
02/01/2020;28868.80;;
03/01/2020;28634.88;;
06/01/2020;28703.38;;
07/01/2020;28583.68;;
08/01/2020;28745.09;;
09/01/2020;28956.90;;
10/01/2020;28823.77;;
13/01/2020;28907.05;;
14/01/2020;28939.67;;
15/01/2020;29030.22;;
16/01/2020;29297.64;;
17/01/2020;29348.10;;
20/01/2020;;;
21/01/2020;29196.04;;
22/01/2020;29186.27;;
23/01/2020;29160.09;;
24/01/2020;28989.73;;
27/01/2020;28535.80;;
28/01/2020;28722.85;;
29/01/2020;28734.45;;
30/01/2020;28859.44;;
31/01/2020;28256.03;;
03/02/2020;28399.81;;
04/02/2020;28807.63;;
05/02/2020;29290.85;;
06/02/2020;29379.77;;
07/02/2020;29102.51;;
10/02/2020;29276.82;;
11/02/2020;29276.34;;
12/02/2020;29551.42;;
13/02/2020;29423.31;;
14/02/2020;29398.08;;
17/02/2020;;;
18/02/2020;29232.19;;
19/02/2020;29348.03;;
20/02/2020;29219.98;;
21/02/2020;28992.41;;
24/02/2020;27960.80;;
25/02/2020;27081.36;;
26/02/2020;26957.59;;
27/02/2020;25766.64;;
28/02/2020;25409.36;;
02/03/2020;26703.32;;
03/03/2020;25917.41;;
04/03/2020;27090.86;;
05/03/2020;26121.28;;
06/03/2020;25864.78;;
09/03/2020;23851.02;;
10/03/2020;25018.16;;
11/03/2020;23553.22;;
12/03/2020;21200.62;;
13/03/2020;23185.62;;
16/03/2020;20188.52;;
17/03/2020;21237.38;;
18/03/2020;19898.92;;
19/03/2020;20087.19;;
20/03/2020;19173.98;;
23/03/2020;18591.93;;
24/03/2020;20704.91;;
25/03/2020;21200.55;;
26/03/2020;22552.17;;
27/03/2020;21636.78;;
30/03/2020;22327.48;;
31/03/2020;21917.16;;
01/04/2020;20943.51;;
02/04/2020;21413.44;;
03/04/2020;21052.53;;
06/04/2020;22679.99;;
07/04/2020;22653.86;;
08/04/2020;23433.57;;
09/04/2020;23719.37;;
10/04/2020;;;
13/04/2020;23390.77;;
14/04/2020;23949.76;;
15/04/2020;23504.35;;
16/04/2020;23537.68;;
17/04/2020;24242.49;;
20/04/2020;23650.44;;
21/04/2020;23018.88;;
22/04/2020;23475.82;;
23/04/2020;23515.26;;
24/04/2020;23775.27;;
27/04/2020;24133.78;;
28/04/2020;24101.55;;
29/04/2020;24633.86;;
30/04/2020;24345.72;;
01/05/2020;23723.69;;
04/05/2020;23749.76;;
05/05/2020;23883.09;;
06/05/2020;23664.64;;
07/05/2020;23875.89;;
08/05/2020;24331.32;;
11/05/2020;24221.99;;
12/05/2020;23764.78;;
13/05/2020;23247.97;;
14/05/2020;23625.34;;
15/05/2020;23685.42;;
18/05/2020;24597.37;;
19/05/2020;24206.86;;
20/05/2020;24575.90;;
21/05/2020;24474.12;;
22/05/2020;24465.16;;
25/05/2020;;;
26/05/2020;24995.11;;
27/05/2020;25548.27;;
28/05/2020;25400.64;;
29/05/2020;25383.11;;
01/06/2020;25475.02;;
02/06/2020;25742.65;;
03/06/2020;26269.89;;
04/06/2020;26281.82;;
05/06/2020;27110.98;;
08/06/2020;27572.44;;
09/06/2020;27272.30;;
10/06/2020;26989.99;;
11/06/2020;25128.17;;
12/06/2020;25605.54;;
15/06/2020;25763.16;;
16/06/2020;26289.98;;
17/06/2020;26119.61;;
18/06/2020;26080.10;;
19/06/2020;25871.46;;
22/06/2020;26024.96;;
23/06/2020;26156.10;;
24/06/2020;25445.94;;
25/06/2020;25745.60;;
26/06/2020;25015.55;;
29/06/2020;25595.80;;
30/06/2020;25812.88;;
01/07/2020;25734.97;;
02/07/2020;25827.36;;
03/07/2020;;;
06/07/2020;26287.03;;
07/07/2020;25890.18;;
08/07/2020;26067.28;;
09/07/2020;25706.09;;
10/07/2020;26075.30;;
13/07/2020;26085.80;;
14/07/2020;26642.59;;
15/07/2020;26870.10;;
16/07/2020;26734.71;;
17/07/2020;26671.95;;
20/07/2020;26680.87;;
21/07/2020;26840.40;;
22/07/2020;27005.84;;
23/07/2020;26652.33;;
24/07/2020;26469.89;;
27/07/2020;26584.77;;
28/07/2020;26379.28;;
29/07/2020;26539.57;;
30/07/2020;26313.65;;
31/07/2020;26428.32;;
03/08/2020;26664.40;;
04/08/2020;26828.47;;
05/08/2020;27201.52;;
06/08/2020;27386.98;;
07/08/2020;27433.48;;
10/08/2020;27791.44;;
11/08/2020;27686.91;;
12/08/2020;27976.84;;
13/08/2020;27896.72;;
14/08/2020;27931.02;;
17/08/2020;27844.91;;
18/08/2020;27778.07;;
19/08/2020;27692.88;;
20/08/2020;27739.73;;
21/08/2020;27930.33;;
24/08/2020;28308.46;;
25/08/2020;28248.44;;
26/08/2020;28331.92;;
27/08/2020;28492.27;;
28/08/2020;28653.87;;
31/08/2020;28430.05;;
01/09/2020;28645.66;;
02/09/2020;29100.50;;
03/09/2020;28292.73;;
04/09/2020;28133.31;;
07/09/2020;;;
08/09/2020;27500.89;;
09/09/2020;27940.47;;
10/09/2020;27534.58;;
11/09/2020;27665.64;;
14/09/2020;27993.33;;
15/09/2020;27995.60;;
16/09/2020;28032.38;;
17/09/2020;27901.98;;
18/09/2020;27657.42;;
21/09/2020;27147.70;;
22/09/2020;27288.18;;
23/09/2020;26763.13;;
24/09/2020;26815.44;;
25/09/2020;27173.96;;
28/09/2020;27584.06;;
29/09/2020;27452.66;;
30/09/2020;27781.70;;
01/10/2020;27816.90;;
02/10/2020;27682.81;;
05/10/2020;28148.64;;
06/10/2020;27772.76;;
07/10/2020;28303.46;;
08/10/2020;28425.51;;
09/10/2020;28586.90;;
12/10/2020;28837.52;;
13/10/2020;28679.81;;
14/10/2020;28514.00;;
15/10/2020;28494.20;;
16/10/2020;28606.31;;
19/10/2020;28195.42;;
20/10/2020;28308.79;;
21/10/2020;28210.82;;
22/10/2020;28363.66;;
23/10/2020;28335.57;;
26/10/2020;27685.38;;
27/10/2020;27463.19;;
28/10/2020;26519.95;;
29/10/2020;26659.11;;
30/10/2020;26501.60;;
02/11/2020;26925.05;;
03/11/2020;27480.03;;
04/11/2020;27847.66;;
05/11/2020;28390.18;;
06/11/2020;28323.40;;
09/11/2020;29157.97;;
10/11/2020;29420.92;;
11/11/2020;29397.63;;
12/11/2020;29080.17;;
13/11/2020;29479.81;;
16/11/2020;29950.44;;
17/11/2020;29783.35;;
18/11/2020;29438.42;;
19/11/2020;29483.23;;
20/11/2020;29263.48;;
23/11/2020;29591.27;;
24/11/2020;30046.24;;
25/11/2020;29872.47;;
26/11/2020;;;
27/11/2020;29910.37;;
30/11/2020;29638.64;;
01/12/2020;29823.92;;
02/12/2020;29883.79;;
03/12/2020;29969.52;;
04/12/2020;30218.26;;
07/12/2020;30069.79;;
08/12/2020;30173.88;;
09/12/2020;30068.81;;
10/12/2020;29999.26;;
11/12/2020;30046.37;;
14/12/2020;29861.55;;
15/12/2020;30199.31;;
16/12/2020;30154.54;;
17/12/2020;30303.37;;
18/12/2020;30179.05;;
21/12/2020;30216.45;;
22/12/2020;30015.51;;
23/12/2020;30129.83;;
24/12/2020;30199.87;;
25/12/2020;;;
28/12/2020;30403.97;;
29/12/2020;30335.67;;
30/12/2020;30409.56;;
31/12/2020;30606.48;;
01/01/2021;;;
04/01/2021;30223.89;;
05/01/2021;30391.60;;
06/01/2021;30829.40;;
07/01/2021;31041.13;;
08/01/2021;31097.97;;
11/01/2021;31008.69;;
12/01/2021;31068.69;;
13/01/2021;31060.47;;
14/01/2021;30991.52;;
15/01/2021;30814.26;;
18/01/2021;;;
19/01/2021;30930.52;;
20/01/2021;31188.38;;
21/01/2021;31176.01;;
22/01/2021;30996.98;;
25/01/2021;30960.00;;
26/01/2021;30937.04;;
27/01/2021;30303.17;;
28/01/2021;30603.36;;
29/01/2021;29982.62;;
01/02/2021;30211.91;;
02/02/2021;30687.48;;
03/02/2021;30723.60;;
04/02/2021;31055.86;;
05/02/2021;31148.24;;
08/02/2021;31385.76;;
09/02/2021;31375.83;;
10/02/2021;31437.80;;
11/02/2021;31430.70;;
12/02/2021;31458.40;;
15/02/2021;;;
16/02/2021;31522.75;;
17/02/2021;31613.02;;
18/02/2021;31493.34;;
19/02/2021;31494.32;;
22/02/2021;31521.69;;
23/02/2021;31537.35;;
24/02/2021;31961.86;;
25/02/2021;31402.01;;
26/02/2021;30932.37;;
01/03/2021;31535.51;;
02/03/2021;31391.52;;
03/03/2021;31270.09;;
04/03/2021;30924.14;;
05/03/2021;31496.30;;
08/03/2021;31802.44;;
09/03/2021;31832.74;;
10/03/2021;32297.02;;
11/03/2021;32485.59;;
12/03/2021;32778.64;;
15/03/2021;32953.46;;
16/03/2021;32825.95;;
17/03/2021;33015.37;;
18/03/2021;32862.30;;
19/03/2021;32627.97;;
22/03/2021;32731.20;;
23/03/2021;32423.15;;
24/03/2021;32420.06;;
25/03/2021;32619.48;;
26/03/2021;33072.88;;
29/03/2021;33171.37;;
30/03/2021;33066.96;;
31/03/2021;32981.55;;
01/04/2021;33153.21;;
02/04/2021;;;
05/04/2021;33527.19;;
06/04/2021;33430.24;;
07/04/2021;33446.26;;
08/04/2021;33503.57;;
09/04/2021;33800.60;;
12/04/2021;33745.40;;
13/04/2021;33677.27;;
14/04/2021;33730.89;;
15/04/2021;34035.99;;
16/04/2021;34200.67;;
19/04/2021;34077.63;;
20/04/2021;33821.30;;
21/04/2021;34137.31;;
22/04/2021;33815.90;;
23/04/2021;34043.49;;
26/04/2021;33981.57;;
27/04/2021;33984.93;;
28/04/2021;33820.38;;
29/04/2021;34060.36;;
30/04/2021;33874.85;;
03/05/2021;34113.23;;
04/05/2021;34133.03;;
05/05/2021;34230.34;;
06/05/2021;34548.53;;
07/05/2021;34777.76;;
10/05/2021;34742.82;;
11/05/2021;34269.16;;
12/05/2021;33587.66;;
13/05/2021;34021.45;;
14/05/2021;34382.13;;
17/05/2021;34327.79;;
18/05/2021;34060.66;;
19/05/2021;33896.04;;
20/05/2021;34084.15;;
21/05/2021;34207.84;;
24/05/2021;34393.98;;
25/05/2021;34312.46;;
26/05/2021;34323.05;;
27/05/2021;34464.64;;
28/05/2021;34529.45;;
31/05/2021;;;
01/06/2021;34575.31;;
02/06/2021;34600.38;;
03/06/2021;34577.04;;
04/06/2021;34756.39;;
07/06/2021;34630.24;;
08/06/2021;34599.82;;
09/06/2021;34447.14;;
10/06/2021;34466.24;;
11/06/2021;34479.60;;
14/06/2021;34393.75;;
15/06/2021;34299.33;;
16/06/2021;34033.67;;
17/06/2021;33823.45;;
18/06/2021;33290.08;;
21/06/2021;33876.97;;
22/06/2021;33945.58;;
23/06/2021;33874.24;;
24/06/2021;34196.82;;
25/06/2021;34433.84;;
28/06/2021;34283.27;;
29/06/2021;34292.29;;
30/06/2021;34502.51;;
01/07/2021;34633.53;;
02/07/2021;34786.35;;
05/07/2021;;;
06/07/2021;34577.37;;
07/07/2021;34681.79;;
08/07/2021;34421.93;;
09/07/2021;34870.16;;
12/07/2021;34996.18;;
13/07/2021;34888.79;;
14/07/2021;34933.23;;
15/07/2021;34987.02;;
16/07/2021;34687.85;;
19/07/2021;33962.04;;
20/07/2021;34511.99;;
21/07/2021;34798.00;;
22/07/2021;34823.35;;
23/07/2021;35061.55;;
26/07/2021;35144.31;;
27/07/2021;35058.52;;
28/07/2021;34930.93;;
29/07/2021;35084.53;;
30/07/2021;34935.47;;
02/08/2021;34838.16;;
03/08/2021;35116.40;;
04/08/2021;34792.67;;
05/08/2021;35064.25;;
06/08/2021;35208.51;;
09/08/2021;35101.85;;
10/08/2021;35264.67;;
11/08/2021;35484.97;;
12/08/2021;35499.85;;
13/08/2021;35515.38;;
16/08/2021;35625.40;;
17/08/2021;35343.28;;
18/08/2021;34960.69;;
19/08/2021;34894.12;;
20/08/2021;35120.08;;
23/08/2021;35335.71;;
24/08/2021;35366.26;;
25/08/2021;35405.50;;
26/08/2021;35213.12;;
27/08/2021;35455.80;;
30/08/2021;35399.84;;
31/08/2021;35360.73;;
01/09/2021;35312.53;;
02/09/2021;35443.82;;
03/09/2021;35369.09;;
06/09/2021;;;
07/09/2021;35100.00;;
08/09/2021;35031.07;;
09/09/2021;34879.38;;
10/09/2021;34607.72;;
13/09/2021;34869.63;;
14/09/2021;34577.57;;
15/09/2021;34814.39;;
16/09/2021;34751.32;;
17/09/2021;34584.88;;
20/09/2021;33970.47;;
21/09/2021;33919.84;;
22/09/2021;34258.32;;
23/09/2021;34764.82;;
24/09/2021;34798.00;;
27/09/2021;34869.37;;
28/09/2021;34299.99;;
29/09/2021;34390.72;;
30/09/2021;33843.92;;
01/10/2021;34326.46;;
04/10/2021;34002.92;;
05/10/2021;34314.67;;
06/10/2021;34416.99;;
07/10/2021;34754.94;;
08/10/2021;34746.25;;
11/10/2021;34496.06;;
12/10/2021;34378.34;;
13/10/2021;34377.81;;
14/10/2021;34912.56;;
15/10/2021;35294.76;;
18/10/2021;35258.61;;
19/10/2021;35457.31;;
20/10/2021;35609.34;;
21/10/2021;35603.08;;
22/10/2021;35677.02;;
25/10/2021;35741.15;;
26/10/2021;35756.88;;
27/10/2021;35490.69;;
28/10/2021;35730.48;;
29/10/2021;35819.56;;
01/11/2021;35913.84;;
02/11/2021;36052.63;;
03/11/2021;36157.58;;
04/11/2021;36124.23;;
05/11/2021;36327.95;;
08/11/2021;36432.22;;
09/11/2021;36319.98;;
10/11/2021;36079.94;;
11/11/2021;35921.23;;
12/11/2021;36100.31;;
15/11/2021;36087.45;;
16/11/2021;36142.22;;
17/11/2021;35931.05;;
18/11/2021;35870.95;;
19/11/2021;35601.98;;
22/11/2021;35619.25;;
23/11/2021;35813.80;;
24/11/2021;35804.38;;
25/11/2021;;;
26/11/2021;34899.34;;
29/11/2021;35135.94;;
30/11/2021;34483.72;;
01/12/2021;34022.04;;
02/12/2021;34639.79;;
03/12/2021;34580.08;;
06/12/2021;35227.03;;
07/12/2021;35719.43;;
08/12/2021;35754.75;;
09/12/2021;35754.69;;
10/12/2021;35970.99;;
13/12/2021;35650.95;;
14/12/2021;35544.18;;
15/12/2021;35927.43;;
16/12/2021;35897.64;;
17/12/2021;35365.44;;
20/12/2021;34932.16;;
21/12/2021;35492.70;;
22/12/2021;35753.89;;
23/12/2021;35950.56;;
24/12/2021;;;
27/12/2021;36302.38;;
28/12/2021;36398.21;;
29/12/2021;36488.63;;
30/12/2021;36398.08;;
31/12/2021;36338.30;;
03/01/2022;36585.06;;
04/01/2022;36799.65;;
05/01/2022;36407.11;;
06/01/2022;36236.47;;
07/01/2022;36231.66;;
10/01/2022;36068.87;;
11/01/2022;36252.02;;
12/01/2022;36290.32;;
13/01/2022;36113.62;;
14/01/2022;35911.81;;
17/01/2022;;;
18/01/2022;35368.47;;
19/01/2022;35028.65;;
20/01/2022;34715.39;;
21/01/2022;34265.37;;
24/01/2022;34364.50;;
25/01/2022;34297.73;;
26/01/2022;34168.09;;
27/01/2022;34160.78;;
28/01/2022;34725.47;;
31/01/2022;35131.86;;
01/02/2022;35405.24;;
02/02/2022;35629.33;;
03/02/2022;35111.16;;
04/02/2022;35089.74;;
07/02/2022;35091.13;;
08/02/2022;35462.78;;
09/02/2022;35768.06;;
10/02/2022;35241.59;;
11/02/2022;34738.06;;
14/02/2022;34566.17;;
15/02/2022;34988.84;;
16/02/2022;34934.27;;
17/02/2022;34312.03;;
18/02/2022;34079.18;;
21/02/2022;;;
22/02/2022;33596.61;;
23/02/2022;33131.76;;
24/02/2022;33223.83;;
25/02/2022;34058.75;;
28/02/2022;33892.60;;
01/03/2022;33294.95;;
02/03/2022;33891.35;;
03/03/2022;33794.66;;
04/03/2022;33614.80;;
07/03/2022;32817.38;;
08/03/2022;32632.64;;
09/03/2022;33286.25;;
10/03/2022;33174.07;;
11/03/2022;32944.19;;
14/03/2022;32945.24;;
15/03/2022;33544.34;;
16/03/2022;34063.10;;
17/03/2022;34480.76;;
18/03/2022;34754.93;;
21/03/2022;34552.99;;
22/03/2022;34807.46;;
23/03/2022;34358.50;;
24/03/2022;34707.94;;
25/03/2022;34861.24;;
28/03/2022;34955.89;;
29/03/2022;35294.19;;
30/03/2022;35228.81;;
31/03/2022;34678.35;;
01/04/2022;34818.27;;
04/04/2022;34921.88;;
05/04/2022;34641.18;;
06/04/2022;34496.51;;
07/04/2022;34583.57;;
08/04/2022;34721.12;;
11/04/2022;34308.08;;
12/04/2022;34220.36;;
13/04/2022;34564.59;;
14/04/2022;34451.23;;
15/04/2022;;;
18/04/2022;34411.69;;
19/04/2022;34911.20;;
20/04/2022;35160.79;;
21/04/2022;34792.76;;
22/04/2022;33811.40;;
25/04/2022;34049.46;;
26/04/2022;33240.18;;
27/04/2022;33301.93;;
28/04/2022;33916.39;;
29/04/2022;32977.21;;
02/05/2022;33061.50;;
03/05/2022;33128.79;;
04/05/2022;34061.06;;
05/05/2022;32997.97;;
06/05/2022;32899.37;;
09/05/2022;32245.70;;
10/05/2022;32160.74;;
11/05/2022;31834.11;;
12/05/2022;31730.30;;
13/05/2022;32196.66;;
16/05/2022;32223.42;;
17/05/2022;32654.59;;
18/05/2022;31490.07;;
19/05/2022;31253.13;;
20/05/2022;31261.90;;
23/05/2022;31880.24;;
24/05/2022;31928.62;;
25/05/2022;32120.28;;
26/05/2022;32637.19;;
27/05/2022;33212.96;;
30/05/2022;;;
31/05/2022;32990.12;;
01/06/2022;32813.23;;
02/06/2022;33248.28;;
03/06/2022;32899.70;;
06/06/2022;32915.78;;
07/06/2022;33180.14;;
08/06/2022;32910.90;;
09/06/2022;32272.79;;
10/06/2022;31392.79;;
13/06/2022;30516.74;;
14/06/2022;30364.83;;
15/06/2022;30668.53;;
16/06/2022;29927.07;;
17/06/2022;29888.78;;
20/06/2022;;;
21/06/2022;30530.25;;
22/06/2022;30483.13;;
23/06/2022;30677.36;;
24/06/2022;31500.68;;
27/06/2022;31438.26;;
28/06/2022;30946.99;;
29/06/2022;31029.31;;
30/06/2022;30775.43;;
01/07/2022;31097.26;;
04/07/2022;;;
05/07/2022;30967.82;;
06/07/2022;31037.68;;
07/07/2022;31384.55;;
08/07/2022;31338.15;;
11/07/2022;31173.84;;
12/07/2022;30981.33;;
13/07/2022;30772.79;;
14/07/2022;30630.17;;
15/07/2022;31288.26;;
18/07/2022;31072.61;;
19/07/2022;31827.05;;
20/07/2022;31874.84;;
21/07/2022;32036.90;;
22/07/2022;31899.29;;
25/07/2022;31990.04;;
26/07/2022;31761.54;;
27/07/2022;32197.59;;
28/07/2022;32529.63;;
29/07/2022;32845.13;;
01/08/2022;32798.40;;
02/08/2022;32396.17;;
03/08/2022;32812.50;;
04/08/2022;32726.82;;
05/08/2022;32803.47;;
08/08/2022;32832.54;;
09/08/2022;32774.41;;
10/08/2022;33309.51;;
11/08/2022;33336.67;;
12/08/2022;33761.05;;
15/08/2022;33912.44;;
16/08/2022;34152.01;;
17/08/2022;33980.32;;
18/08/2022;33999.04;;
19/08/2022;33706.74;;
22/08/2022;33063.61;;
23/08/2022;32909.59;;
24/08/2022;32969.23;;
25/08/2022;33291.78;;
26/08/2022;32283.40;;
29/08/2022;32098.99;;
30/08/2022;31790.87;;
31/08/2022;31510.43;;
01/09/2022;31656.42;;
02/09/2022;31318.44;;
05/09/2022;;;
06/09/2022;31145.30;;
07/09/2022;31581.28;;
08/09/2022;31774.52;;
09/09/2022;32151.71;;
12/09/2022;32381.34;;
13/09/2022;31104.97;;
14/09/2022;31135.09;;
15/09/2022;30961.82;;
16/09/2022;30822.42;;
19/09/2022;31019.68;;
20/09/2022;30706.23;;
21/09/2022;30183.78;;
22/09/2022;30076.68;;
23/09/2022;29590.41;;
26/09/2022;29260.81;;
27/09/2022;29134.99;;
28/09/2022;29683.74;;
29/09/2022;29225.61;;
30/09/2022;28725.51;;
03/10/2022;29490.89;;
04/10/2022;30316.32;;
05/10/2022;30273.87;;
06/10/2022;29926.94;;
07/10/2022;29296.79;;
10/10/2022;29202.88;;
11/10/2022;29239.19;;
12/10/2022;29210.85;;
13/10/2022;30038.72;;
14/10/2022;29634.83;;
17/10/2022;30185.82;;
18/10/2022;30523.80;;
19/10/2022;30423.81;;
20/10/2022;30333.59;;
21/10/2022;31082.56;;
24/10/2022;31499.62;;
25/10/2022;31836.74;;
26/10/2022;31839.11;;
27/10/2022;32033.28;;
28/10/2022;32861.80;;
31/10/2022;32732.95;;
01/11/2022;32653.20;;
02/11/2022;32147.76;;
03/11/2022;32001.25;;
04/11/2022;32403.22;;
07/11/2022;32827.00;;
08/11/2022;33160.83;;
09/11/2022;32513.94;;
10/11/2022;33715.37;;
11/11/2022;33747.86;;
14/11/2022;33536.70;;
15/11/2022;33592.92;;
16/11/2022;33553.83;;
17/11/2022;33546.32;;
18/11/2022;33745.69;;
21/11/2022;33700.28;;
22/11/2022;34098.10;;
23/11/2022;34194.06;;
24/11/2022;;;
25/11/2022;34347.03;;
28/11/2022;33849.46;;
29/11/2022;33852.53;;
30/11/2022;34589.77;;
01/12/2022;34395.01;;
02/12/2022;34429.88;;
05/12/2022;33947.10;;
06/12/2022;33596.34;;
07/12/2022;33597.92;;
08/12/2022;33781.48;;
09/12/2022;33476.46;;
12/12/2022;34005.04;;
13/12/2022;34108.64;;
14/12/2022;33966.35;;
15/12/2022;33202.22;;
16/12/2022;32920.46;;
19/12/2022;32757.54;;
20/12/2022;32849.74;;
21/12/2022;33376.48;;
22/12/2022;33027.49;;
23/12/2022;33203.93;;
26/12/2022;;;
27/12/2022;33241.56;;
28/12/2022;32875.71;;
29/12/2022;33220.80;;
30/12/2022;33147.25;;
02/01/2023;;;
03/01/2023;33136.37;;
04/01/2023;33269.77;;
05/01/2023;32930.08;;
06/01/2023;33630.61;;
09/01/2023;33517.65;;
10/01/2023;33704.10;;
11/01/2023;33973.01;;
12/01/2023;34189.97;;
13/01/2023;34302.61;;
16/01/2023;;;
17/01/2023;33910.85;;
18/01/2023;33296.96;;
19/01/2023;33044.56;;
20/01/2023;33375.49;;
23/01/2023;33629.56;;
24/01/2023;33733.96;;
25/01/2023;33743.84;;
26/01/2023;33949.41;;
27/01/2023;33978.08;;
30/01/2023;33717.09;;
31/01/2023;34086.04;;
01/02/2023;34092.96;;
02/02/2023;34053.94;;
03/02/2023;33926.01;;
06/02/2023;33891.02;;
07/02/2023;34156.69;;
08/02/2023;33949.01;;
09/02/2023;33699.88;;
10/02/2023;33869.27;;
13/02/2023;34245.93;;
14/02/2023;34089.27;;
15/02/2023;34128.05;;
16/02/2023;33696.85;;
17/02/2023;33826.69;;
20/02/2023;;;
21/02/2023;33129.59;;
22/02/2023;33045.09;;
23/02/2023;33153.91;;
24/02/2023;32816.92;;
27/02/2023;32889.09;;
28/02/2023;32656.70;;
01/03/2023;32661.84;;
02/03/2023;33003.57;;
03/03/2023;33390.97;;
06/03/2023;33431.44;;
07/03/2023;32856.46;;
08/03/2023;32798.40;;
09/03/2023;32254.86;;
10/03/2023;31909.64;;
13/03/2023;31819.14;;
14/03/2023;32155.40;;
15/03/2023;31874.57;;
16/03/2023;32246.55;;
17/03/2023;31861.98;;
20/03/2023;32244.58;;
21/03/2023;32560.60;;
22/03/2023;32030.11;;
23/03/2023;32105.25;;
24/03/2023;32237.53;;
27/03/2023;32432.08;;
28/03/2023;32394.25;;
29/03/2023;32717.60;;
30/03/2023;32859.03;;
31/03/2023;33274.15;;
03/04/2023;33601.15;;
04/04/2023;33402.38;;
05/04/2023;33482.72;;
06/04/2023;33485.29;;
07/04/2023;;;
10/04/2023;33586.52;;
11/04/2023;33684.79;;
12/04/2023;33646.50;;
13/04/2023;34029.69;;
14/04/2023;33886.47;;
17/04/2023;33987.18;;
18/04/2023;33976.63;;
19/04/2023;33897.01;;
20/04/2023;33786.62;;
21/04/2023;33808.96;;
24/04/2023;33875.40;;
25/04/2023;33530.83;;
26/04/2023;33301.87;;
27/04/2023;33826.16;;
28/04/2023;34098.16;;
01/05/2023;34051.70;;
02/05/2023;33684.53;;
03/05/2023;33414.24;;
04/05/2023;33127.74;;
05/05/2023;33674.38;;
08/05/2023;33618.69;;
09/05/2023;33561.81;;
10/05/2023;33531.33;;
11/05/2023;33309.51;;
12/05/2023;33300.62;;
15/05/2023;33348.60;;
16/05/2023;33012.14;;
17/05/2023;33420.77;;
18/05/2023;33535.91;;
19/05/2023;33426.63;;
22/05/2023;33286.58;;
23/05/2023;33055.51;;
24/05/2023;32799.92;;
25/05/2023;32764.65;;
26/05/2023;33093.34;;
29/05/2023;;;
30/05/2023;33042.78;;
31/05/2023;32908.27;;
01/06/2023;33061.57;;
02/06/2023;33762.76;;
05/06/2023;33562.86;;
06/06/2023;33573.28;;
07/06/2023;33665.02;;
08/06/2023;33833.61;;
09/06/2023;33876.78;;
12/06/2023;34066.33;;
13/06/2023;34212.12;;
14/06/2023;33979.33;;
15/06/2023;34408.06;;
16/06/2023;34299.12;;
19/06/2023;;;
20/06/2023;34053.87;;
21/06/2023;33951.52;;
22/06/2023;33946.71;;
23/06/2023;33727.43;;
26/06/2023;33714.71;;
27/06/2023;33926.74;;
28/06/2023;33852.66;;
29/06/2023;34122.42;;
30/06/2023;34407.60;;
03/07/2023;34418.47;;
04/07/2023;;;
05/07/2023;34288.64;;
06/07/2023;33922.26;;
07/07/2023;33734.88;;
10/07/2023;33944.40;;
11/07/2023;34261.42;;
12/07/2023;34347.43;;
13/07/2023;34395.14;;
14/07/2023;34509.03;;
17/07/2023;34585.35;;
18/07/2023;34951.93;;
19/07/2023;35061.21;;
20/07/2023;35225.18;;
21/07/2023;35227.69;;
24/07/2023;35411.24;;
25/07/2023;35438.07;;
26/07/2023;35520.12;;
27/07/2023;35282.72;;
28/07/2023;35459.29;;
31/07/2023;35559.53;;
01/08/2023;35630.68;;
02/08/2023;35282.52;;
03/08/2023;35215.89;;
04/08/2023;35065.62;;
07/08/2023;35473.13;;
08/08/2023;35314.49;;
09/08/2023;35123.36;;
10/08/2023;35176.15;;
11/08/2023;35281.40;;
14/08/2023;35307.63;;
15/08/2023;34946.39;;
16/08/2023;34765.74;;
17/08/2023;34474.83;;
18/08/2023;34500.66;;
21/08/2023;34463.69;;
22/08/2023;34288.83;;
23/08/2023;34472.98;;
24/08/2023;34099.42;;
25/08/2023;34346.90;;
28/08/2023;34559.98;;
29/08/2023;34852.67;;
30/08/2023;34890.24;;
31/08/2023;34721.91;;
01/09/2023;34837.71;;
04/09/2023;;;
05/09/2023;34641.97;;
06/09/2023;34443.19;;
07/09/2023;34500.73;;
08/09/2023;34576.59;;
11/09/2023;34663.72;;
12/09/2023;34645.99;;
13/09/2023;34575.53;;
14/09/2023;34907.11;;
15/09/2023;34618.24;;
18/09/2023;34624.30;;
19/09/2023;34517.73;;
20/09/2023;34440.88;;
21/09/2023;34070.42;;
22/09/2023;33963.84;;
25/09/2023;34006.88;;
26/09/2023;33618.88;;
27/09/2023;33550.27;;
28/09/2023;33666.34;;
29/09/2023;33507.50;;
02/10/2023;33433.35;;
03/10/2023;33002.38;;
04/10/2023;33129.55;;
05/10/2023;33119.57;;
06/10/2023;33407.58;;
09/10/2023;33604.65;;
10/10/2023;33739.30;;
11/10/2023;33804.87;;
12/10/2023;33631.14;;
13/10/2023;33670.29;;
16/10/2023;33984.54;;
17/10/2023;33997.65;;
18/10/2023;33665.08;;
19/10/2023;33414.17;;
20/10/2023;33127.28;;
23/10/2023;32936.41;;
24/10/2023;33141.38;;
25/10/2023;33035.93;;
26/10/2023;32784.30;;
27/10/2023;32417.59;;
30/10/2023;32928.96;;
31/10/2023;33052.87;;
01/11/2023;33274.58;;
02/11/2023;33839.08;;
03/11/2023;34061.32;;
06/11/2023;34095.86;;
07/11/2023;34152.60;;
08/11/2023;34112.27;;
09/11/2023;33891.94;;
10/11/2023;34283.10;;
13/11/2023;34337.87;;
14/11/2023;34827.70;;
15/11/2023;34991.21;;
16/11/2023;34945.47;;
17/11/2023;34947.28;;
20/11/2023;35151.04;;
21/11/2023;35088.29;;
22/11/2023;35273.03;;
23/11/2023;;;
24/11/2023;35390.15;;
27/11/2023;35333.47;;
28/11/2023;35416.98;;
29/11/2023;35430.42;;
30/11/2023;35950.89;;
01/12/2023;36245.50;;
04/12/2023;36204.44;;
05/12/2023;36124.56;;
06/12/2023;36054.43;;
07/12/2023;36117.38;;
08/12/2023;36247.87;;
11/12/2023;36404.93;;
12/12/2023;36577.94;;
13/12/2023;37090.24;;
14/12/2023;37248.35;;
15/12/2023;37305.16;;
18/12/2023;37306.02;;
19/12/2023;37557.92;;
20/12/2023;37082.00;;
21/12/2023;37404.35;;
22/12/2023;37385.97;;
25/12/2023;;;
26/12/2023;37545.33;;
27/12/2023;37656.52;;
28/12/2023;37710.10;;
29/12/2023;37689.54;;
01/01/2024;;;
02/01/2024;37715.04;;
03/01/2024;37430.19;;
04/01/2024;37440.34;;
05/01/2024;37466.11;;
08/01/2024;37683.01;;
09/01/2024;37525.16;;
10/01/2024;37695.73;;
11/01/2024;37711.02;;
12/01/2024;37592.98;;
15/01/2024;;;
16/01/2024;37361.12;;
17/01/2024;37266.67;;
18/01/2024;37468.61;;
19/01/2024;37863.80;;
22/01/2024;38001.81;;
23/01/2024;37905.45;;
24/01/2024;37806.39;;
25/01/2024;38049.13;;
26/01/2024;38109.43;;
29/01/2024;38333.45;;
30/01/2024;38467.31;;
31/01/2024;38150.30;;
01/02/2024;38519.84;;
02/02/2024;38654.42;;
05/02/2024;38380.12;;
06/02/2024;38521.36;;
07/02/2024;38677.36;;
08/02/2024;38726.33;;
09/02/2024;38671.69;;
12/02/2024;38797.38;;
13/02/2024;38272.75;;
14/02/2024;38424.27;;
15/02/2024;38773.12;;
16/02/2024;38627.99;;
19/02/2024;;;
20/02/2024;38563.80;;
21/02/2024;38612.24;;
22/02/2024;39069.11;;
23/02/2024;39131.53;;
26/02/2024;39069.23;;
27/02/2024;38972.41;;
28/02/2024;38949.02;;
29/02/2024;38996.39;;
01/03/2024;39087.38;;
04/03/2024;38989.83;;
05/03/2024;38585.19;;
06/03/2024;38661.05;;
07/03/2024;38791.35;;
08/03/2024;38722.69;;
11/03/2024;38769.66;;
12/03/2024;39005.49;;
13/03/2024;39043.32;;
14/03/2024;38905.66;;
15/03/2024;38714.77;;
18/03/2024;38790.43;;
19/03/2024;39110.76;;
20/03/2024;39512.13;;
21/03/2024;39781.37;;
22/03/2024;39475.90;;
25/03/2024;39313.64;;
26/03/2024;39282.33;;
27/03/2024;39760.08;;
28/03/2024;39807.37;;
29/03/2024;;;
01/04/2024;39566.85;;
02/04/2024;39170.24;;
03/04/2024;39127.14;;
04/04/2024;38596.98;;
05/04/2024;38904.04;;
08/04/2024;38892.80;;
09/04/2024;38883.67;;
10/04/2024;38461.51;;
11/04/2024;38459.08;;
12/04/2024;37983.24;;
15/04/2024;37735.11;;
16/04/2024;37798.97;;
17/04/2024;37753.31;;
18/04/2024;37775.38;;
19/04/2024;37986.40;;
22/04/2024;38239.98;;
23/04/2024;38503.69;;
24/04/2024;38460.92;;
25/04/2024;38085.80;;
26/04/2024;38239.66;;
29/04/2024;38386.09;;
30/04/2024;37815.92;;
01/05/2024;37903.29;;
02/05/2024;38225.66;;
03/05/2024;38675.68;;
06/05/2024;38852.27;;
07/05/2024;38884.26;;
08/05/2024;39056.39;;
09/05/2024;39387.76;;
10/05/2024;39512.84;;
13/05/2024;39431.51;;
14/05/2024;39558.11;;
15/05/2024;39908.00;;
16/05/2024;39869.38;;
17/05/2024;40003.59;;
20/05/2024;39806.77;;
21/05/2024;39872.99;;
22/05/2024;39671.04;;
23/05/2024;39065.26;;
24/05/2024;39069.59;;
27/05/2024;;;
28/05/2024;38852.86;;
29/05/2024;38441.54;;
30/05/2024;38111.48;;
31/05/2024;38686.32;;
03/06/2024;38571.03;;
04/06/2024;38711.29;;
05/06/2024;38807.33;;
06/06/2024;38886.17;;
07/06/2024;38798.99;;
10/06/2024;38868.04;;
11/06/2024;38747.42;;
12/06/2024;38712.21;;
13/06/2024;38647.10;;
14/06/2024;38589.16;;
17/06/2024;38778.10;;
18/06/2024;38834.86;;
19/06/2024;;;
20/06/2024;39134.76;;
21/06/2024;39150.33;;
24/06/2024;39411.21;;
25/06/2024;39112.16;;
26/06/2024;39127.80;;
27/06/2024;39164.06;;
28/06/2024;39118.86;;
01/07/2024;39169.52;;
02/07/2024;39331.85;;
03/07/2024;39308.00;;
04/07/2024;;;
05/07/2024;39375.87;;
08/07/2024;39344.79;;
09/07/2024;39291.97;;
10/07/2024;39721.36;;
11/07/2024;39753.75;;
12/07/2024;40000.90;;
15/07/2024;40211.72;;
16/07/2024;40954.48;;
17/07/2024;41198.08;;
18/07/2024;40665.02;;
19/07/2024;40287.53;;
22/07/2024;40415.44;;
23/07/2024;40358.09;;
24/07/2024;39853.87;;
25/07/2024;39935.07;;
26/07/2024;40589.34;;
29/07/2024;40539.93;;
30/07/2024;40743.33;;
31/07/2024;40842.79;;
01/08/2024;40347.97;;
02/08/2024;39737.26;;
05/08/2024;38703.27;;
06/08/2024;38997.66;;
07/08/2024;38763.45;;
08/08/2024;39446.49;;
09/08/2024;39497.54;;
12/08/2024;39357.01;;
13/08/2024;39765.64;;
14/08/2024;40008.39;;
15/08/2024;40563.06;;
16/08/2024;40659.76;;
19/08/2024;40896.53;;
20/08/2024;40834.97;;
21/08/2024;40890.49;;
22/08/2024;40712.78;;
23/08/2024;41175.08;;
26/08/2024;41240.52;;
27/08/2024;41250.50;;
28/08/2024;41091.42;;
29/08/2024;41335.05;;
30/08/2024;41563.08;;
02/09/2024;;;
03/09/2024;40936.93;;
04/09/2024;40974.97;;
05/09/2024;40755.75;;
06/09/2024;40345.41;;
09/09/2024;40829.59;;
10/09/2024;40736.96;;
11/09/2024;40861.71;;
12/09/2024;41096.77;;
13/09/2024;41393.78;;
16/09/2024;41622.08;;
17/09/2024;41606.18;;
18/09/2024;41503.10;;
19/09/2024;42025.19;;
20/09/2024;42063.36;;
23/09/2024;42124.65;;
24/09/2024;42208.22;;
25/09/2024;41914.75;;
26/09/2024;42175.11;;
27/09/2024;42313.00;;
30/09/2024;42330.15;;
01/10/2024;42156.97;;
02/10/2024;42196.52;;
03/10/2024;42011.59;;
04/10/2024;42352.75;;
07/10/2024;41954.24;;
08/10/2024;42080.37;;
09/10/2024;42512.00;;
10/10/2024;42454.12;;
11/10/2024;42863.86;;
14/10/2024;43065.22;;
15/10/2024;42740.42;;
16/10/2024;43077.70;;
17/10/2024;43239.05;;
18/10/2024;43275.91;;
21/10/2024;42931.60;;
22/10/2024;42924.89;;
23/10/2024;42514.95;;
24/10/2024;42374.36;;
25/10/2024;42114.40;;
28/10/2024;42387.57;;
29/10/2024;42233.05;;
30/10/2024;42141.54;;
31/10/2024;41763.46;;
01/11/2024;42052.19;;
04/11/2024;41794.60;;
05/11/2024;42221.88;;
06/11/2024;43729.93;;
07/11/2024;43729.34;;
08/11/2024;43988.99;;
11/11/2024;44293.13;;
12/11/2024;43910.98;;
13/11/2024;43958.19;;
14/11/2024;43750.86;;
15/11/2024;43444.99;;
18/11/2024;43389.60;;
19/11/2024;43268.94;;
20/11/2024;43408.47;;
21/11/2024;43870.35;;
22/11/2024;44296.51;;
25/11/2024;44736.57;;
26/11/2024;44860.31;;
27/11/2024;44722.06;;
28/11/2024;;;
29/11/2024;44910.65;;
02/12/2024;44782.00;;
03/12/2024;44705.53;;
04/12/2024;45014.04;;
05/12/2024;44765.71;;
06/12/2024;44642.52;;
09/12/2024;44401.93;;
10/12/2024;44247.83;;
11/12/2024;44148.56;;
12/12/2024;43914.12;;
13/12/2024;43828.06;;
16/12/2024;43717.48;;
17/12/2024;43449.90;;
18/12/2024;42326.87;;
19/12/2024;42342.24;;
20/12/2024;42840.26;;
23/12/2024;42906.95;;
24/12/2024;43297.03;;
25/12/2024;;;
26/12/2024;43325.80;;
27/12/2024;42992.21;;
30/12/2024;42573.73;;
31/12/2024;42544.22;;
01/01/2025;;;
02/01/2025;42392.27;;
03/01/2025;42732.13;;
06/01/2025;42706.56;;
07/01/2025;42528.36;;
08/01/2025;42635.20;;
09/01/2025;;;
10/01/2025;41938.45;;
13/01/2025;42297.12;;
14/01/2025;42518.28;;
15/01/2025;43221.55;;
16/01/2025;43153.13;;
17/01/2025;43487.83;;
20/01/2025;;;
21/01/2025;44025.81;;
22/01/2025;44156.73;;
23/01/2025;44565.07;;
24/01/2025;44424.25;;
27/01/2025;44713.58;;
28/01/2025;44850.35;;
29/01/2025;44713.52;;
30/01/2025;44882.13;;
31/01/2025;44544.66;;
03/02/2025;44421.91;;
04/02/2025;44556.04;;
05/02/2025;44873.28;;
06/02/2025;44747.63;;
07/02/2025;44303.40;;
10/02/2025;44470.41;;
11/02/2025;44593.65;;
12/02/2025;44368.56;;
13/02/2025;44711.43;;
14/02/2025;44546.08;;
17/02/2025;;;
18/02/2025;44556.34;;
19/02/2025;44627.59;;
20/02/2025;44176.65;;
21/02/2025;43428.02;;
24/02/2025;43461.21;;
25/02/2025;43621.16;;
26/02/2025;43433.12;;
27/02/2025;43239.50;;
28/02/2025;43840.91;;
03/03/2025;43191.24;;
04/03/2025;42520.99;;
05/03/2025;43006.59;;
06/03/2025;42579.08;;
07/03/2025;42801.72;;
