observation_date;T10YIE
02/01/2003;1.64
03/01/2003;1.62
06/01/2003;1.63
07/01/2003;1.62
08/01/2003;1.71
09/01/2003;1.78
10/01/2003;1.75
13/01/2003;1.77
14/01/2003;1.76
15/01/2003;1.80
16/01/2003;1.79
17/01/2003;1.80
20/01/2003;
21/01/2003;1.78
22/01/2003;1.72
23/01/2003;1.78
24/01/2003;1.80
27/01/2003;1.82
28/01/2003;1.81
29/01/2003;1.85
30/01/2003;1.80
31/01/2003;1.81
03/02/2003;1.81
04/02/2003;1.84
05/02/2003;1.90
06/02/2003;1.88
07/02/2003;1.89
10/02/2003;1.93
11/02/2003;1.93
12/02/2003;1.89
13/02/2003;1.88
14/02/2003;1.92
17/02/2003;
18/02/2003;1.89
19/02/2003;1.89
20/02/2003;1.94
21/02/2003;1.97
24/02/2003;1.99
25/02/2003;1.97
26/02/2003;1.94
27/02/2003;1.94
28/02/2003;1.94
03/03/2003;1.91
04/03/2003;1.88
05/03/2003;1.88
06/03/2003;1.93
07/03/2003;1.91
10/03/2003;1.90
11/03/2003;1.92
12/03/2003;1.92
13/03/2003;2.01
14/03/2003;1.83
17/03/2003;1.85
18/03/2003;1.83
19/03/2003;1.83
20/03/2003;1.81
21/03/2003;1.82
24/03/2003;1.80
25/03/2003;1.80
26/03/2003;1.81
27/03/2003;1.85
28/03/2003;1.83
31/03/2003;1.80
01/04/2003;1.82
02/04/2003;1.83
03/04/2003;1.81
04/04/2003;1.80
07/04/2003;1.82
08/04/2003;1.77
09/04/2003;1.80
10/04/2003;1.79
11/04/2003;1.77
14/04/2003;1.82
15/04/2003;1.80
16/04/2003;1.76
17/04/2003;1.76
18/04/2003;
21/04/2003;1.75
22/04/2003;1.74
23/04/2003;1.76
24/04/2003;1.71
25/04/2003;1.73
28/04/2003;1.76
29/04/2003;1.74
30/04/2003;1.73
01/05/2003;1.75
02/05/2003;1.75
05/05/2003;1.73
06/05/2003;1.67
07/05/2003;1.70
08/05/2003;1.70
09/05/2003;1.69
12/05/2003;1.68
13/05/2003;1.69
14/05/2003;1.66
15/05/2003;1.67
16/05/2003;1.62
19/05/2003;1.61
20/05/2003;1.65
21/05/2003;1.66
22/05/2003;1.63
23/05/2003;1.62
26/05/2003;
27/05/2003;1.61
28/05/2003;1.61
29/05/2003;1.58
30/05/2003;1.60
02/06/2003;1.60
03/06/2003;1.58
04/06/2003;1.57
05/06/2003;1.59
06/06/2003;1.61
09/06/2003;1.61
10/06/2003;1.59
11/06/2003;1.59
12/06/2003;1.61
13/06/2003;1.62
16/06/2003;1.59
17/06/2003;1.57
18/06/2003;1.58
19/06/2003;1.61
20/06/2003;1.63
23/06/2003;1.61
24/06/2003;1.61
25/06/2003;1.67
26/06/2003;1.70
27/06/2003;1.68
30/06/2003;1.64
01/07/2003;1.64
02/07/2003;1.60
03/07/2003;1.58
04/07/2003;
07/07/2003;1.60
08/07/2003;1.63
09/07/2003;1.73
10/07/2003;1.76
11/07/2003;1.78
14/07/2003;1.82
15/07/2003;1.88
16/07/2003;1.89
17/07/2003;1.93
18/07/2003;1.96
21/07/2003;1.98
22/07/2003;1.98
23/07/2003;2.01
24/07/2003;2.02
25/07/2003;2.08
28/07/2003;2.04
29/07/2003;2.04
30/07/2003;2.02
31/07/2003;2.08
01/08/2003;2.04
04/08/2003;2.01
05/08/2003;2.04
06/08/2003;1.98
07/08/2003;2.01
08/08/2003;2.00
11/08/2003;2.07
12/08/2003;2.08
13/08/2003;2.17
14/08/2003;2.17
15/08/2003;2.19
18/08/2003;2.16
19/08/2003;2.14
20/08/2003;2.19
21/08/2003;2.24
22/08/2003;2.22
25/08/2003;2.22
26/08/2003;2.22
27/08/2003;2.18
28/08/2003;2.13
29/08/2003;2.16
01/09/2003;
02/09/2003;2.18
03/09/2003;2.20
04/09/2003;2.20
05/09/2003;2.18
08/09/2003;2.17
09/09/2003;2.16
10/09/2003;2.10
11/09/2003;2.13
12/09/2003;2.09
15/09/2003;2.10
16/09/2003;2.03
17/09/2003;2.00
18/09/2003;2.01
19/09/2003;2.00
22/09/2003;2.05
23/09/2003;2.05
24/09/2003;2.03
25/09/2003;2.05
26/09/2003;2.05
29/09/2003;2.06
30/09/2003;2.01
01/10/2003;2.00
02/10/2003;2.02
03/10/2003;2.05
06/10/2003;2.06
07/10/2003;2.10
08/10/2003;2.09
09/10/2003;2.12
10/10/2003;2.15
13/10/2003;
14/10/2003;2.19
15/10/2003;2.23
16/10/2003;2.26
17/10/2003;2.27
20/10/2003;2.28
21/10/2003;2.26
22/10/2003;2.22
23/10/2003;2.31
24/10/2003;2.32
27/10/2003;2.34
28/10/2003;2.32
29/10/2003;2.33
30/10/2003;2.39
31/10/2003;2.40
03/11/2003;2.43
04/11/2003;2.40
05/11/2003;2.36
06/11/2003;2.37
07/11/2003;2.38
10/11/2003;2.40
11/11/2003;
12/11/2003;2.40
13/11/2003;2.36
14/11/2003;2.35
17/11/2003;2.36
18/11/2003;2.34
19/11/2003;2.33
20/11/2003;2.24
21/11/2003;2.22
24/11/2003;2.24
25/11/2003;2.27
26/11/2003;2.29
27/11/2003;
28/11/2003;2.31
01/12/2003;2.32
02/12/2003;2.33
03/12/2003;2.33
04/12/2003;2.34
05/12/2003;2.31
08/12/2003;2.33
09/12/2003;2.32
10/12/2003;2.33
11/12/2003;2.37
12/12/2003;2.35
15/12/2003;2.30
16/12/2003;2.25
17/12/2003;2.23
18/12/2003;2.22
19/12/2003;2.20
22/12/2003;2.20
23/12/2003;2.25
24/12/2003;2.24
25/12/2003;
26/12/2003;2.23
29/12/2003;2.25
30/12/2003;2.28
31/12/2003;2.27
01/01/2004;
02/01/2004;2.32
05/01/2004;2.35
06/01/2004;2.32
07/01/2004;2.33
08/01/2004;2.28
09/01/2004;2.22
12/01/2004;2.22
13/01/2004;2.22
14/01/2004;2.16
15/01/2004;2.17
16/01/2004;2.21
19/01/2004;
20/01/2004;2.24
21/01/2004;2.26
22/01/2004;2.23
23/01/2004;2.27
26/01/2004;2.27
27/01/2004;2.27
28/01/2004;2.30
29/01/2004;2.31
30/01/2004;2.31
02/02/2004;2.34
03/02/2004;2.32
04/02/2004;2.33
05/02/2004;2.35
06/02/2004;2.33
09/02/2004;2.33
10/02/2004;2.34
11/02/2004;2.30
12/02/2004;2.33
13/02/2004;2.31
16/02/2004;
17/02/2004;2.30
18/02/2004;2.30
19/02/2004;2.29
20/02/2004;2.31
23/02/2004;2.29
24/02/2004;2.30
25/02/2004;2.31
26/02/2004;2.36
27/02/2004;2.38
01/03/2004;2.45
02/03/2004;2.47
03/03/2004;2.48
04/03/2004;2.44
05/03/2004;2.39
08/03/2004;2.35
09/03/2004;2.33
10/03/2004;2.29
11/03/2004;2.24
12/03/2004;2.26
15/03/2004;2.31
16/03/2004;2.30
17/03/2004;2.35
18/03/2004;2.39
19/03/2004;2.36
22/03/2004;2.32
23/03/2004;2.32
24/03/2004;2.35
25/03/2004;2.35
26/03/2004;2.38
29/03/2004;2.41
30/03/2004;2.39
31/03/2004;2.38
01/04/2004;2.43
02/04/2004;2.46
05/04/2004;2.49
06/04/2004;2.46
07/04/2004;2.37
08/04/2004;2.41
09/04/2004;
12/04/2004;2.44
13/04/2004;2.47
14/04/2004;2.49
15/04/2004;2.49
16/04/2004;2.50
19/04/2004;2.52
20/04/2004;2.46
21/04/2004;2.49
22/04/2004;2.42
23/04/2004;2.36
26/04/2004;2.43
27/04/2004;2.43
28/04/2004;2.40
29/04/2004;2.40
30/04/2004;2.42
03/05/2004;2.44
04/05/2004;2.46
05/05/2004;2.51
06/05/2004;2.48
07/05/2004;2.55
10/05/2004;2.56
11/05/2004;2.58
12/05/2004;2.66
13/05/2004;2.67
14/05/2004;2.63
17/05/2004;2.63
18/05/2004;2.69
19/05/2004;2.76
20/05/2004;2.76
21/05/2004;2.72
24/05/2004;2.74
25/05/2004;2.70
26/05/2004;2.68
27/05/2004;2.63
28/05/2004;2.66
31/05/2004;
01/06/2004;2.74
02/06/2004;2.70
03/06/2004;2.66
04/06/2004;2.67
07/06/2004;2.67
08/06/2004;2.63
09/06/2004;2.62
10/06/2004;2.63
11/06/2004;
14/06/2004;2.63
15/06/2004;2.53
16/06/2004;2.56
17/06/2004;2.55
18/06/2004;2.57
21/06/2004;2.54
22/06/2004;2.55
23/06/2004;2.53
24/06/2004;2.51
25/06/2004;2.50
28/06/2004;2.53
29/06/2004;2.50
30/06/2004;2.52
01/07/2004;2.53
02/07/2004;2.52
05/07/2004;
06/07/2004;2.52
07/07/2004;2.50
08/07/2004;2.47
09/07/2004;2.47
12/07/2004;2.44
13/07/2004;2.47
14/07/2004;2.48
15/07/2004;2.49
16/07/2004;2.44
19/07/2004;2.42
20/07/2004;2.42
21/07/2004;2.45
22/07/2004;2.45
23/07/2004;2.45
26/07/2004;2.44
27/07/2004;2.47
28/07/2004;2.50
29/07/2004;2.53
30/07/2004;2.49
02/08/2004;2.48
03/08/2004;2.47
04/08/2004;2.45
05/08/2004;2.47
06/08/2004;2.42
09/08/2004;2.43
10/08/2004;2.42
11/08/2004;2.44
12/08/2004;2.46
13/08/2004;2.45
16/08/2004;2.44
17/08/2004;2.39
18/08/2004;2.40
19/08/2004;2.46
20/08/2004;2.45
23/08/2004;2.42
24/08/2004;2.41
25/08/2004;2.38
26/08/2004;2.36
27/08/2004;2.37
30/08/2004;2.36
31/08/2004;2.35
01/09/2004;2.36
02/09/2004;2.37
03/09/2004;2.42
06/09/2004;
07/09/2004;2.40
08/09/2004;2.36
09/09/2004;2.39
10/09/2004;2.36
13/09/2004;2.35
14/09/2004;2.34
15/09/2004;2.32
16/09/2004;2.27
17/09/2004;2.29
20/09/2004;2.27
21/09/2004;2.25
22/09/2004;2.27
23/09/2004;2.26
24/09/2004;2.26
27/09/2004;2.29
28/09/2004;2.32
29/09/2004;2.34
30/09/2004;2.37
01/10/2004;2.38
04/10/2004;2.33
05/10/2004;2.34
06/10/2004;2.33
07/10/2004;2.37
08/10/2004;2.37
11/10/2004;
12/10/2004;2.37
13/10/2004;2.37
14/10/2004;2.35
15/10/2004;2.37
18/10/2004;2.36
19/10/2004;2.37
20/10/2004;2.35
21/10/2004;2.39
22/10/2004;2.36
25/10/2004;2.36
26/10/2004;2.38
27/10/2004;2.38
28/10/2004;2.41
29/10/2004;2.42
01/11/2004;2.44
02/11/2004;2.49
03/11/2004;2.48
04/11/2004;2.45
05/11/2004;2.50
08/11/2004;2.50
09/11/2004;2.48
10/11/2004;2.50
11/11/2004;
12/11/2004;2.49
15/11/2004;2.53
16/11/2004;2.53
17/11/2004;2.51
18/11/2004;2.48
19/11/2004;2.53
22/11/2004;2.56
23/11/2004;2.54
24/11/2004;2.56
25/11/2004;
26/11/2004;2.58
29/11/2004;2.60
30/11/2004;2.61
01/12/2004;2.59
02/12/2004;2.57
03/12/2004;2.54
06/12/2004;2.54
07/12/2004;2.54
08/12/2004;2.52
09/12/2004;2.55
10/12/2004;2.50
13/12/2004;2.51
14/12/2004;2.52
15/12/2004;2.52
16/12/2004;2.55
17/12/2004;2.57
20/12/2004;2.59
21/12/2004;2.59
22/12/2004;2.58
23/12/2004;2.61
24/12/2004;
27/12/2004;2.63
28/12/2004;2.62
29/12/2004;2.60
30/12/2004;2.57
31/12/2004;2.56
03/01/2005;2.53
04/01/2005;2.51
05/01/2005;2.50
06/01/2005;2.53
07/01/2005;2.49
10/01/2005;2.52
11/01/2005;2.50
12/01/2005;2.52
13/01/2005;2.50
14/01/2005;2.51
17/01/2005;
18/01/2005;2.50
19/01/2005;2.50
20/01/2005;2.47
21/01/2005;2.47
24/01/2005;2.46
25/01/2005;2.46
26/01/2005;2.49
27/01/2005;2.50
28/01/2005;2.51
31/01/2005;2.49
01/02/2005;2.48
02/02/2005;2.45
03/02/2005;2.45
04/02/2005;2.44
07/02/2005;2.45
08/02/2005;2.48
09/02/2005;2.51
10/02/2005;2.50
11/02/2005;2.53
14/02/2005;2.54
15/02/2005;2.49
16/02/2005;2.51
17/02/2005;2.54
18/02/2005;2.60
21/02/2005;
22/02/2005;2.62
23/02/2005;2.63
24/02/2005;2.64
25/02/2005;2.63
28/02/2005;2.66
01/03/2005;2.69
02/03/2005;2.69
03/03/2005;2.70
04/03/2005;2.67
07/03/2005;2.68
08/03/2005;2.71
09/03/2005;2.75
10/03/2005;2.72
11/03/2005;2.74
14/03/2005;2.70
15/03/2005;2.72
16/03/2005;2.73
17/03/2005;2.74
18/03/2005;2.74
21/03/2005;2.73
22/03/2005;2.76
23/03/2005;2.69
24/03/2005;2.70
25/03/2005;
28/03/2005;2.70
29/03/2005;2.69
30/03/2005;2.67
31/03/2005;2.71
01/04/2005;2.69
04/04/2005;2.68
05/04/2005;2.67
06/04/2005;2.64
07/04/2005;2.64
08/04/2005;2.66
11/04/2005;2.63
12/04/2005;2.65
13/04/2005;2.64
14/04/2005;2.65
15/04/2005;2.60
18/04/2005;2.61
19/04/2005;2.59
20/04/2005;2.62
21/04/2005;2.66
22/04/2005;2.65
25/04/2005;2.63
26/04/2005;2.62
27/04/2005;2.60
28/04/2005;2.61
29/04/2005;2.60
02/05/2005;2.60
03/05/2005;2.57
04/05/2005;2.57
05/05/2005;2.57
06/05/2005;2.59
09/05/2005;2.60
10/05/2005;2.58
11/05/2005;2.57
12/05/2005;2.52
13/05/2005;2.46
16/05/2005;2.47
17/05/2005;2.48
18/05/2005;2.42
19/05/2005;2.42
20/05/2005;2.46
23/05/2005;2.42
24/05/2005;2.42
25/05/2005;2.42
26/05/2005;2.39
27/05/2005;2.41
30/05/2005;
31/05/2005;2.37
01/06/2005;2.37
02/06/2005;2.34
03/06/2005;2.37
06/06/2005;2.36
07/06/2005;2.32
08/06/2005;2.32
09/06/2005;2.34
10/06/2005;2.31
13/06/2005;2.33
14/06/2005;2.34
15/06/2005;2.33
16/06/2005;2.34
17/06/2005;2.37
20/06/2005;2.37
21/06/2005;2.34
22/06/2005;2.27
23/06/2005;2.28
24/06/2005;2.27
27/06/2005;2.28
28/06/2005;2.30
29/06/2005;2.30
30/06/2005;2.27
01/07/2005;2.31
04/07/2005;
05/07/2005;2.31
06/07/2005;2.30
07/07/2005;2.28
08/07/2005;2.28
11/07/2005;2.30
12/07/2005;2.32
13/07/2005;2.30
14/07/2005;2.25
15/07/2005;2.23
18/07/2005;2.24
19/07/2005;2.28
20/07/2005;2.27
21/07/2005;2.33
22/07/2005;2.34
25/07/2005;2.31
26/07/2005;2.32
27/07/2005;2.35
28/07/2005;2.34
29/07/2005;2.36
01/08/2005;2.37
02/08/2005;2.35
03/08/2005;2.37
04/08/2005;2.38
05/08/2005;2.40
08/08/2005;2.40
09/08/2005;2.39
10/08/2005;2.39
11/08/2005;2.35
12/08/2005;2.33
15/08/2005;2.35
16/08/2005;2.36
17/08/2005;2.37
18/08/2005;2.35
19/08/2005;2.36
22/08/2005;2.36
23/08/2005;2.35
24/08/2005;2.36
25/08/2005;2.38
26/08/2005;2.39
29/08/2005;2.41
30/08/2005;2.45
31/08/2005;2.37
01/09/2005;2.41
02/09/2005;2.44
05/09/2005;
06/09/2005;2.44
07/09/2005;2.46
08/09/2005;2.47
09/09/2005;2.50
12/09/2005;2.49
13/09/2005;2.47
14/09/2005;2.49
15/09/2005;2.51
16/09/2005;2.53
19/09/2005;2.55
20/09/2005;2.52
21/09/2005;2.51
22/09/2005;2.52
23/09/2005;2.51
26/09/2005;2.52
27/09/2005;2.53
28/09/2005;2.53
29/09/2005;2.54
30/09/2005;2.56
03/10/2005;2.55
04/10/2005;2.51
05/10/2005;2.50
06/10/2005;2.46
07/10/2005;2.45
10/10/2005;
11/10/2005;2.47
12/10/2005;2.49
13/10/2005;2.52
14/10/2005;2.50
17/10/2005;2.56
18/10/2005;2.57
19/10/2005;2.55
20/10/2005;2.54
21/10/2005;2.50
24/10/2005;2.52
25/10/2005;2.49
26/10/2005;2.54
27/10/2005;2.56
28/10/2005;2.57
31/10/2005;2.57
01/11/2005;2.58
02/11/2005;2.59
03/11/2005;2.62
04/11/2005;2.60
07/11/2005;2.62
08/11/2005;2.56
09/11/2005;2.56
10/11/2005;2.48
11/11/2005;
14/11/2005;2.47
15/11/2005;2.44
16/11/2005;2.42
17/11/2005;2.42
18/11/2005;2.41
21/11/2005;2.38
22/11/2005;2.40
23/11/2005;2.39
24/11/2005;
25/11/2005;2.38
28/11/2005;2.37
29/11/2005;2.37
30/11/2005;2.37
01/12/2005;2.37
02/12/2005;2.36
05/12/2005;2.40
06/12/2005;2.37
07/12/2005;2.34
08/12/2005;2.33
09/12/2005;2.36
12/12/2005;2.39
13/12/2005;2.38
14/12/2005;2.35
15/12/2005;2.35
16/12/2005;2.34
19/12/2005;2.34
20/12/2005;2.35
21/12/2005;2.35
22/12/2005;2.33
23/12/2005;2.31
26/12/2005;
27/12/2005;2.29
28/12/2005;2.28
29/12/2005;2.30
30/12/2005;2.33
02/01/2006;
03/01/2006;2.34
04/01/2006;2.35
05/01/2006;2.32
06/01/2006;2.33
09/01/2006;2.33
10/01/2006;2.37
11/01/2006;2.39
12/01/2006;2.41
13/01/2006;2.39
16/01/2006;
17/01/2006;2.39
18/01/2006;2.37
19/01/2006;2.41
20/01/2006;2.43
23/01/2006;2.42
24/01/2006;2.43
25/01/2006;2.46
26/01/2006;2.52
27/01/2006;2.50
30/01/2006;2.51
31/01/2006;2.53
01/02/2006;2.55
02/02/2006;2.53
03/02/2006;2.54
06/02/2006;2.55
07/02/2006;2.55
08/02/2006;2.49
09/02/2006;2.49
10/02/2006;2.50
13/02/2006;2.50
14/02/2006;2.48
15/02/2006;2.48
16/02/2006;2.49
17/02/2006;2.51
20/02/2006;
21/02/2006;2.53
22/02/2006;2.52
23/02/2006;2.53
24/02/2006;2.56
27/02/2006;2.55
28/02/2006;2.53
01/03/2006;2.57
02/03/2006;2.59
03/03/2006;2.61
06/03/2006;2.60
07/03/2006;2.58
08/03/2006;2.53
09/03/2006;2.54
10/03/2006;2.53
13/03/2006;2.53
14/03/2006;2.54
15/03/2006;2.55
16/03/2006;2.53
17/03/2006;2.52
20/03/2006;2.51
21/03/2006;2.48
22/03/2006;2.47
23/03/2006;2.49
24/03/2006;2.47
27/03/2006;2.47
28/03/2006;2.49
29/03/2006;2.49
30/03/2006;2.51
31/03/2006;2.51
03/04/2006;2.52
04/04/2006;2.49
05/04/2006;2.50
06/04/2006;2.52
07/04/2006;2.54
10/04/2006;2.56
11/04/2006;2.56
12/04/2006;2.57
13/04/2006;2.57
14/04/2006;
17/04/2006;2.58
18/04/2006;2.61
19/04/2006;2.66
20/04/2006;2.62
21/04/2006;2.62
24/04/2006;2.60
25/04/2006;2.60
26/04/2006;2.61
27/04/2006;2.64
28/04/2006;2.68
01/05/2006;2.72
02/05/2006;2.69
03/05/2006;2.68
04/05/2006;2.67
05/05/2006;2.67
08/05/2006;2.67
09/05/2006;2.70
10/05/2006;2.70
11/05/2006;2.71
12/05/2006;2.72
15/05/2006;2.68
16/05/2006;2.66
17/05/2006;2.69
18/05/2006;2.67
19/05/2006;2.62
22/05/2006;2.61
23/05/2006;2.63
24/05/2006;2.61
25/05/2006;2.61
26/05/2006;2.62
29/05/2006;
30/05/2006;2.64
31/05/2006;2.64
01/06/2006;2.65
02/06/2006;2.63
05/06/2006;2.62
06/06/2006;2.57
07/06/2006;2.54
08/06/2006;2.53
09/06/2006;2.53
12/06/2006;2.54
13/06/2006;2.53
14/06/2006;2.55
15/06/2006;2.58
16/06/2006;2.59
19/06/2006;2.56
20/06/2006;2.57
21/06/2006;2.57
22/06/2006;2.59
23/06/2006;2.59
26/06/2006;2.58
27/06/2006;2.58
28/06/2006;2.57
29/06/2006;2.61
30/06/2006;2.61
03/07/2006;2.59
04/07/2006;
05/07/2006;2.60
06/07/2006;2.60
07/07/2006;2.59
10/07/2006;2.57
11/07/2006;2.57
12/07/2006;2.56
13/07/2006;2.57
14/07/2006;2.57
17/07/2006;2.58
18/07/2006;2.58
19/07/2006;2.57
20/07/2006;2.58
21/07/2006;2.56
24/07/2006;2.56
25/07/2006;2.59
26/07/2006;2.60
27/07/2006;2.60
28/07/2006;2.59
31/07/2006;2.58
01/08/2006;2.59
02/08/2006;2.60
03/08/2006;2.61
04/08/2006;2.61
07/08/2006;2.64
08/08/2006;2.66
09/08/2006;2.64
10/08/2006;2.63
11/08/2006;2.64
14/08/2006;2.64
15/08/2006;2.61
16/08/2006;2.59
17/08/2006;2.59
18/08/2006;2.58
21/08/2006;2.59
22/08/2006;2.60
23/08/2006;2.57
24/08/2006;2.53
25/08/2006;2.55
28/08/2006;2.52
29/08/2006;2.50
30/08/2006;2.48
31/08/2006;2.50
01/09/2006;2.48
04/09/2006;
05/09/2006;2.47
06/09/2006;2.48
07/09/2006;2.46
08/09/2006;2.43
11/09/2006;2.42
12/09/2006;2.42
13/09/2006;2.42
14/09/2006;2.44
15/09/2006;2.42
18/09/2006;2.42
19/09/2006;2.39
20/09/2006;2.34
21/09/2006;2.34
22/09/2006;2.33
25/09/2006;2.32
26/09/2006;2.34
27/09/2006;2.34
28/09/2006;2.36
29/09/2006;2.37
02/10/2006;2.35
03/10/2006;2.33
04/10/2006;2.30
05/10/2006;2.30
06/10/2006;2.33
09/10/2006;
10/10/2006;2.33
11/10/2006;2.33
12/10/2006;2.35
13/10/2006;2.34
16/10/2006;2.34
17/10/2006;2.32
18/10/2006;2.31
19/10/2006;2.30
20/10/2006;2.30
23/10/2006;2.30
24/10/2006;2.31
25/10/2006;2.34
26/10/2006;2.32
27/10/2006;2.31
30/10/2006;2.29
31/10/2006;2.27
01/11/2006;2.28
02/11/2006;2.28
03/11/2006;2.32
06/11/2006;2.35
07/11/2006;2.34
08/11/2006;2.35
09/11/2006;2.34
10/11/2006;2.34
13/11/2006;2.32
14/11/2006;2.29
15/11/2006;2.31
16/11/2006;2.28
17/11/2006;2.28
20/11/2006;2.27
21/11/2006;2.27
22/11/2006;2.27
23/11/2006;
24/11/2006;2.28
27/11/2006;2.30
28/11/2006;2.30
29/11/2006;2.30
30/11/2006;2.30
01/12/2006;2.33
04/12/2006;2.32
05/12/2006;2.34
06/12/2006;2.34
07/12/2006;2.34
08/12/2006;2.35
11/12/2006;2.35
12/12/2006;2.34
13/12/2006;2.36
14/12/2006;2.37
15/12/2006;2.31
18/12/2006;2.29
19/12/2006;2.29
20/12/2006;2.28
21/12/2006;2.26
22/12/2006;2.28
25/12/2006;
26/12/2006;2.27
27/12/2006;2.27
28/12/2006;2.29
29/12/2006;2.30
01/01/2007;
02/01/2007;2.30
03/01/2007;2.31
04/01/2007;2.26
05/01/2007;2.27
08/01/2007;2.28
09/01/2007;2.27
10/01/2007;2.27
11/01/2007;2.31
12/01/2007;2.28
15/01/2007;
16/01/2007;2.27
17/01/2007;2.29
18/01/2007;2.28
19/01/2007;2.31
22/01/2007;2.32
23/01/2007;2.35
24/01/2007;2.37
25/01/2007;2.39
26/01/2007;2.40
29/01/2007;2.40
30/01/2007;2.42
31/01/2007;2.43
01/02/2007;2.42
02/02/2007;2.41
05/02/2007;2.40
06/02/2007;2.37
07/02/2007;2.34
08/02/2007;2.34
09/02/2007;2.36
12/02/2007;2.34
13/02/2007;2.36
14/02/2007;2.36
15/02/2007;2.32
16/02/2007;2.33
19/02/2007;
20/02/2007;2.32
21/02/2007;2.36
22/02/2007;2.38
23/02/2007;2.38
26/02/2007;2.37
27/02/2007;2.36
28/02/2007;2.36
01/03/2007;2.37
02/03/2007;2.37
05/03/2007;2.34
06/03/2007;2.34
07/03/2007;2.34
08/03/2007;2.34
09/03/2007;2.34
12/03/2007;2.34
13/03/2007;2.35
14/03/2007;2.35
15/03/2007;2.37
16/03/2007;2.39
19/03/2007;2.40
20/03/2007;2.39
21/03/2007;2.39
22/03/2007;2.43
23/03/2007;2.43
26/03/2007;2.44
27/03/2007;2.46
28/03/2007;2.45
29/03/2007;2.46
30/03/2007;2.44
02/04/2007;2.44
03/04/2007;2.42
04/04/2007;2.43
05/04/2007;2.46
06/04/2007;2.49
09/04/2007;2.48
10/04/2007;2.46
11/04/2007;2.46
12/04/2007;2.46
13/04/2007;2.45
16/04/2007;2.44
17/04/2007;2.40
18/04/2007;2.40
19/04/2007;2.41
20/04/2007;2.41
23/04/2007;2.41
24/04/2007;2.42
25/04/2007;2.44
26/04/2007;2.43
27/04/2007;2.46
30/04/2007;2.43
01/05/2007;2.45
02/05/2007;2.43
03/05/2007;2.43
04/05/2007;2.41
07/05/2007;2.37
08/05/2007;2.36
09/05/2007;2.38
10/05/2007;2.38
11/05/2007;2.37
14/05/2007;2.37
15/05/2007;2.34
16/05/2007;2.33
17/05/2007;2.35
18/05/2007;2.35
21/05/2007;2.36
22/05/2007;2.35
23/05/2007;2.36
24/05/2007;2.38
25/05/2007;2.37
28/05/2007;
29/05/2007;2.34
30/05/2007;2.36
31/05/2007;2.36
01/06/2007;2.38
04/06/2007;2.38
05/06/2007;2.38
06/06/2007;2.39
07/06/2007;2.41
08/06/2007;2.43
11/06/2007;2.42
12/06/2007;2.43
13/06/2007;2.45
14/06/2007;2.46
15/06/2007;2.43
18/06/2007;2.42
19/06/2007;2.42
20/06/2007;2.41
21/06/2007;2.42
22/06/2007;2.44
25/06/2007;2.42
26/06/2007;2.40
27/06/2007;2.39
28/06/2007;2.39
29/06/2007;2.38
02/07/2007;2.39
03/07/2007;2.37
04/07/2007;
05/07/2007;2.40
06/07/2007;2.40
09/07/2007;2.41
10/07/2007;2.39
11/07/2007;2.38
12/07/2007;2.39
13/07/2007;2.38
16/07/2007;2.36
17/07/2007;2.35
18/07/2007;2.38
19/07/2007;2.39
20/07/2007;2.36
23/07/2007;2.34
24/07/2007;2.36
25/07/2007;2.36
26/07/2007;2.32
27/07/2007;2.32
30/07/2007;2.33
31/07/2007;2.34
01/08/2007;2.32
02/08/2007;2.31
03/08/2007;2.27
06/08/2007;2.26
07/08/2007;2.26
08/08/2007;2.26
09/08/2007;2.25
10/08/2007;2.25
13/08/2007;2.26
14/08/2007;2.24
15/08/2007;2.23
16/08/2007;2.21
17/08/2007;2.23
20/08/2007;2.20
21/08/2007;2.22
22/08/2007;2.21
23/08/2007;2.23
24/08/2007;2.23
27/08/2007;2.22
28/08/2007;2.20
29/08/2007;2.19
30/08/2007;2.19
31/08/2007;2.20
03/09/2007;
04/09/2007;2.20
05/09/2007;2.19
06/09/2007;2.19
07/09/2007;2.19
10/09/2007;2.20
11/09/2007;2.21
12/09/2007;2.23
13/09/2007;2.25
14/09/2007;2.27
17/09/2007;2.27
18/09/2007;2.31
19/09/2007;2.32
20/09/2007;2.35
21/09/2007;2.33
24/09/2007;2.30
25/09/2007;2.29
26/09/2007;2.29
27/09/2007;2.31
28/09/2007;2.32
01/10/2007;2.30
02/10/2007;2.31
03/10/2007;2.30
04/10/2007;2.30
05/10/2007;2.31
08/10/2007;
09/10/2007;2.33
10/10/2007;2.32
11/10/2007;2.34
12/10/2007;2.34
15/10/2007;2.35
16/10/2007;2.35
17/10/2007;2.35
18/10/2007;2.32
19/10/2007;2.32
22/10/2007;2.31
23/10/2007;2.30
24/10/2007;2.29
25/10/2007;2.33
26/10/2007;2.36
29/10/2007;2.35
30/10/2007;2.34
31/10/2007;2.34
01/11/2007;2.36
02/11/2007;2.39
05/11/2007;2.41
06/11/2007;2.45
07/11/2007;2.43
08/11/2007;2.40
09/11/2007;2.41
12/11/2007;
13/11/2007;2.40
14/11/2007;2.40
15/11/2007;2.36
16/11/2007;2.35
19/11/2007;2.37
20/11/2007;2.38
21/11/2007;2.38
22/11/2007;
23/11/2007;2.38
26/11/2007;2.38
27/11/2007;2.37
28/11/2007;2.32
29/11/2007;2.33
30/11/2007;2.34
03/12/2007;2.32
04/12/2007;2.30
05/12/2007;2.26
06/12/2007;2.25
07/12/2007;2.26
10/12/2007;2.26
11/12/2007;2.25
12/12/2007;2.27
13/12/2007;2.31
14/12/2007;2.34
17/12/2007;2.34
18/12/2007;2.34
19/12/2007;2.33
20/12/2007;2.30
21/12/2007;2.34
24/12/2007;2.35
25/12/2007;
26/12/2007;2.35
27/12/2007;2.36
28/12/2007;2.33
31/12/2007;2.31
01/01/2008;
02/01/2008;2.32
03/01/2008;2.33
04/01/2008;2.32
07/01/2008;2.29
08/01/2008;2.29
09/01/2008;2.26
10/01/2008;2.23
11/01/2008;2.26
14/01/2008;2.28
15/01/2008;2.27
16/01/2008;2.24
17/01/2008;2.23
18/01/2008;2.24
21/01/2008;
22/01/2008;2.24
23/01/2008;2.20
24/01/2008;2.24
25/01/2008;2.27
28/01/2008;2.28
29/01/2008;2.32
30/01/2008;2.33
31/01/2008;2.34
01/02/2008;2.31
04/02/2008;2.30
05/02/2008;2.27
06/02/2008;2.25
07/02/2008;2.27
08/02/2008;2.28
11/02/2008;2.30
12/02/2008;2.30
13/02/2008;2.28
14/02/2008;2.28
15/02/2008;2.28
18/02/2008;
19/02/2008;2.33
20/02/2008;2.38
21/02/2008;2.34
22/02/2008;2.35
25/02/2008;2.38
26/02/2008;2.44
27/02/2008;2.43
28/02/2008;2.45
29/02/2008;2.43
03/03/2008;2.46
04/03/2008;2.48
05/03/2008;2.54
06/03/2008;2.55
07/03/2008;2.55
10/03/2008;2.56
11/03/2008;2.55
12/03/2008;2.54
13/03/2008;2.51
14/03/2008;2.43
17/03/2008;2.29
18/03/2008;2.40
19/03/2008;2.34
20/03/2008;2.32
21/03/2008;
24/03/2008;2.32
25/03/2008;2.26
26/03/2008;2.27
27/03/2008;2.33
28/03/2008;2.34
31/03/2008;2.34
01/04/2008;2.35
02/04/2008;2.34
03/04/2008;2.33
04/04/2008;2.32
07/04/2008;2.34
08/04/2008;2.32
09/04/2008;2.30
10/04/2008;2.29
11/04/2008;2.30
14/04/2008;2.30
15/04/2008;2.32
16/04/2008;2.31
17/04/2008;2.31
18/04/2008;2.32
21/04/2008;2.31
22/04/2008;2.31
23/04/2008;2.33
24/04/2008;2.31
25/04/2008;2.31
28/04/2008;2.30
29/04/2008;2.29
30/04/2008;2.27
01/05/2008;2.26
02/05/2008;2.36
05/05/2008;2.35
06/05/2008;2.38
07/05/2008;2.36
08/05/2008;2.36
09/05/2008;2.38
12/05/2008;2.37
13/05/2008;2.39
14/05/2008;2.43
15/05/2008;2.43
16/05/2008;2.44
19/05/2008;2.47
20/05/2008;2.47
21/05/2008;2.51
22/05/2008;2.51
23/05/2008;2.49
26/05/2008;
27/05/2008;2.47
28/05/2008;2.45
29/05/2008;2.46
30/05/2008;2.48
02/06/2008;2.47
03/06/2008;2.41
04/06/2008;2.39
05/06/2008;2.43
06/06/2008;2.47
09/06/2008;2.48
10/06/2008;2.49
11/06/2008;2.48
12/06/2008;2.50
13/06/2008;2.50
16/06/2008;2.49
17/06/2008;2.48
18/06/2008;2.48
19/06/2008;2.47
20/06/2008;2.44
23/06/2008;2.44
24/06/2008;2.46
25/06/2008;2.47
26/06/2008;2.52
27/06/2008;2.51
30/06/2008;2.51
01/07/2008;2.52
02/07/2008;2.56
03/07/2008;2.57
04/07/2008;
07/07/2008;2.52
08/07/2008;2.46
09/07/2008;2.46
10/07/2008;2.43
11/07/2008;2.48
14/07/2008;2.47
15/07/2008;2.47
16/07/2008;2.49
17/07/2008;2.47
18/07/2008;2.46
21/07/2008;2.43
22/07/2008;2.43
23/07/2008;2.36
24/07/2008;2.34
25/07/2008;2.34
28/07/2008;2.36
29/07/2008;2.33
30/07/2008;2.36
31/07/2008;2.34
01/08/2008;2.34
04/08/2008;2.34
05/08/2008;2.30
06/08/2008;2.27
07/08/2008;2.24
08/08/2008;2.22
11/08/2008;2.19
12/08/2008;2.19
13/08/2008;2.19
14/08/2008;2.22
15/08/2008;2.18
18/08/2008;2.15
19/08/2008;2.15
20/08/2008;2.19
21/08/2008;2.23
22/08/2008;2.18
25/08/2008;2.15
26/08/2008;2.16
27/08/2008;2.19
28/08/2008;2.17
29/08/2008;2.15
01/09/2008;
02/09/2008;2.05
03/09/2008;2.00
04/09/2008;1.94
05/09/2008;1.95
08/09/2008;1.98
09/09/2008;1.93
10/09/2008;1.95
11/09/2008;1.97
12/09/2008;1.95
15/09/2008;1.77
16/09/2008;1.63
17/09/2008;1.60
18/09/2008;1.60
19/09/2008;1.93
22/09/2008;1.98
23/09/2008;1.86
24/09/2008;1.75
25/09/2008;1.79
26/09/2008;1.75
29/09/2008;1.58
30/09/2008;1.60
01/10/2008;1.51
02/10/2008;1.49
03/10/2008;1.45
06/10/2008;1.27
07/10/2008;1.18
08/10/2008;1.03
09/10/2008;1.05
10/10/2008;0.92
13/10/2008;
14/10/2008;1.03
15/10/2008;1.02
16/10/2008;0.97
17/10/2008;1.11
20/10/2008;1.15
21/10/2008;1.13
22/10/2008;1.06
23/10/2008;0.96
24/10/2008;0.74
27/10/2008;0.77
28/10/2008;0.83
29/10/2008;0.88
30/10/2008;0.94
31/10/2008;0.87
03/11/2008;0.87
04/11/2008;0.93
05/11/2008;0.97
06/11/2008;0.94
07/11/2008;0.97
10/11/2008;0.98
11/11/2008;
12/11/2008;0.96
13/11/2008;0.89
14/11/2008;0.85
17/11/2008;0.83
18/11/2008;0.61
19/11/2008;0.40
20/11/2008;0.04
21/11/2008;0.05
24/11/2008;0.24
25/11/2008;0.32
26/11/2008;0.31
27/11/2008;
28/11/2008;0.33
01/12/2008;0.34
02/12/2008;0.42
03/12/2008;0.53
04/12/2008;0.57
05/12/2008;0.44
08/12/2008;0.30
09/12/2008;0.26
10/12/2008;0.25
11/12/2008;0.29
12/12/2008;0.17
15/12/2008;0.10
16/12/2008;0.16
17/12/2008;0.34
18/12/2008;0.23
19/12/2008;0.15
22/12/2008;0.15
23/12/2008;0.15
24/12/2008;0.13
25/12/2008;
26/12/2008;0.13
29/12/2008;0.11
30/12/2008;0.09
31/12/2008;0.11
01/01/2009;
02/01/2009;0.17
05/01/2009;0.15
06/01/2009;0.42
07/01/2009;0.47
08/01/2009;0.50
09/01/2009;0.56
12/01/2009;0.59
13/01/2009;0.59
14/01/2009;0.45
15/01/2009;0.45
16/01/2009;0.55
19/01/2009;
20/01/2009;0.58
21/01/2009;0.58
22/01/2009;0.65
23/01/2009;0.72
26/01/2009;0.78
27/01/2009;0.82
28/01/2009;0.90
29/01/2009;1.04
30/01/2009;1.14
02/02/2009;1.07
03/02/2009;1.13
04/02/2009;1.17
05/02/2009;1.11
06/02/2009;1.23
09/02/2009;1.41
10/02/2009;1.25
11/02/2009;1.12
12/02/2009;1.14
13/02/2009;1.21
16/02/2009;
17/02/2009;1.11
18/02/2009;1.11
19/02/2009;1.12
20/02/2009;1.11
23/02/2009;1.08
24/02/2009;0.98
25/02/2009;0.97
26/02/2009;0.96
27/02/2009;0.96
02/03/2009;0.91
03/03/2009;0.91
04/03/2009;0.92
05/03/2009;0.85
06/03/2009;0.81
09/03/2009;0.83
10/03/2009;0.84
11/03/2009;0.92
12/03/2009;1.01
13/03/2009;1.02
16/03/2009;1.09
17/03/2009;1.12
18/03/2009;1.23
19/03/2009;1.30
20/03/2009;1.22
23/03/2009;1.28
24/03/2009;1.32
25/03/2009;1.37
26/03/2009;1.46
27/03/2009;1.40
30/03/2009;1.34
31/03/2009;1.28
01/04/2009;1.31
02/04/2009;1.33
03/04/2009;1.38
06/04/2009;1.43
07/04/2009;1.32
08/04/2009;1.29
09/04/2009;1.34
10/04/2009;
13/04/2009;1.33
14/04/2009;1.28
15/04/2009;1.27
16/04/2009;1.27
17/04/2009;1.28
20/04/2009;1.22
21/04/2009;1.25
22/04/2009;1.33
23/04/2009;1.44
24/04/2009;1.50
27/04/2009;1.47
28/04/2009;1.51
29/04/2009;1.53
30/04/2009;1.47
01/05/2009;1.41
04/05/2009;1.42
05/05/2009;1.43
06/05/2009;1.44
07/05/2009;1.55
08/05/2009;1.52
11/05/2009;1.47
12/05/2009;1.48
13/05/2009;1.44
14/05/2009;1.42
15/05/2009;1.48
18/05/2009;1.56
19/05/2009;1.60
20/05/2009;1.63
21/05/2009;1.68
22/05/2009;1.73
25/05/2009;
26/05/2009;1.78
27/05/2009;1.88
28/05/2009;1.80
29/05/2009;1.80
01/06/2009;1.91
02/06/2009;1.96
03/06/2009;1.88
04/06/2009;1.89
05/06/2009;1.96
08/06/2009;1.97
09/06/2009;1.98
10/06/2009;2.07
11/06/2009;1.99
12/06/2009;1.90
15/06/2009;1.86
16/06/2009;1.79
17/06/2009;1.73
18/06/2009;1.88
19/06/2009;1.88
22/06/2009;1.83
23/06/2009;1.81
24/06/2009;1.79
25/06/2009;1.73
26/06/2009;1.67
29/06/2009;1.68
30/06/2009;1.75
01/07/2009;1.72
02/07/2009;1.64
03/07/2009;
06/07/2009;1.49
07/07/2009;1.60
08/07/2009;1.54
09/07/2009;1.57
10/07/2009;1.52
13/07/2009;1.54
14/07/2009;1.64
15/07/2009;1.76
16/07/2009;1.77
17/07/2009;1.86
20/07/2009;1.88
21/07/2009;1.79
22/07/2009;1.83
23/07/2009;1.92
24/07/2009;1.89
27/07/2009;1.90
28/07/2009;1.86
29/07/2009;1.85
30/07/2009;1.89
31/07/2009;1.81
03/08/2009;1.88
04/08/2009;1.89
05/08/2009;1.95
06/08/2009;1.92
07/08/2009;2.01
10/08/2009;1.97
11/08/2009;1.91
12/08/2009;1.88
13/08/2009;1.79
14/08/2009;1.70
17/08/2009;1.69
18/08/2009;1.73
19/08/2009;1.75
20/08/2009;1.82
21/08/2009;1.87
24/08/2009;1.81
25/08/2009;1.73
26/08/2009;1.72
27/08/2009;1.72
28/08/2009;1.70
31/08/2009;1.64
01/09/2009;1.64
02/09/2009;1.58
03/09/2009;1.64
04/09/2009;1.75
07/09/2009;
08/09/2009;1.81
09/09/2009;1.82
10/09/2009;1.77
11/09/2009;1.75
14/09/2009;1.77
15/09/2009;1.83
16/09/2009;1.86
17/09/2009;1.80
18/09/2009;1.81
21/09/2009;1.80
22/09/2009;1.81
23/09/2009;1.81
24/09/2009;1.76
25/09/2009;1.74
28/09/2009;1.74
29/09/2009;1.72
30/09/2009;1.75
01/10/2009;1.71
02/10/2009;1.70
05/10/2009;1.73
06/10/2009;1.74
07/10/2009;1.76
08/10/2009;1.78
09/10/2009;1.84
12/10/2009;
13/10/2009;1.88
14/10/2009;1.94
15/10/2009;1.99
16/10/2009;1.98
19/10/2009;2.03
20/10/2009;1.98
21/10/2009;1.99
22/10/2009;1.95
23/10/2009;2.00
26/10/2009;2.00
27/10/2009;2.00
28/10/2009;1.96
29/10/2009;2.03
30/10/2009;2.00
02/11/2009;2.04
03/11/2009;2.05
04/11/2009;2.12
05/11/2009;2.16
06/11/2009;2.17
09/11/2009;2.22
10/11/2009;2.19
11/11/2009;
12/11/2009;2.12
13/11/2009;2.12
16/11/2009;2.12
17/11/2009;2.13
18/11/2009;2.15
19/11/2009;2.14
20/11/2009;2.15
23/11/2009;2.17
24/11/2009;2.11
25/11/2009;2.12
26/11/2009;
27/11/2009;2.06
30/11/2009;2.08
01/12/2009;2.14
02/12/2009;2.14
03/12/2009;2.15
04/12/2009;2.14
07/12/2009;2.13
08/12/2009;2.09
09/12/2009;2.09
10/12/2009;2.09
11/12/2009;2.14
14/12/2009;2.19
15/12/2009;2.23
16/12/2009;2.27
17/12/2009;2.22
18/12/2009;2.24
21/12/2009;2.30
22/12/2009;2.33
23/12/2009;2.31
24/12/2009;2.32
25/12/2009;
28/12/2009;2.35
29/12/2009;2.36
30/12/2009;2.36
31/12/2009;2.37
01/01/2010;
04/01/2010;2.38
05/01/2010;2.34
06/01/2010;2.37
07/01/2010;2.41
08/01/2010;2.42
11/01/2010;2.38
12/01/2010;2.39
13/01/2010;2.37
14/01/2010;2.36
15/01/2010;2.36
18/01/2010;
19/01/2010;2.38
20/01/2010;2.37
21/01/2010;2.33
22/01/2010;2.31
25/01/2010;2.33
26/01/2010;2.34
27/01/2010;2.31
28/01/2010;2.33
29/01/2010;2.33
01/02/2010;2.39
02/02/2010;2.41
03/02/2010;2.43
04/02/2010;2.35
05/02/2010;2.27
08/02/2010;2.27
09/02/2010;2.30
10/02/2010;2.28
11/02/2010;2.26
12/02/2010;2.23
15/02/2010;
16/02/2010;2.24
17/02/2010;2.28
18/02/2010;2.31
19/02/2010;2.26
22/02/2010;2.25
23/02/2010;2.19
24/02/2010;2.19
25/02/2010;2.13
26/02/2010;2.13
01/03/2010;2.15
02/03/2010;2.16
03/03/2010;2.17
04/03/2010;2.17
05/03/2010;2.21
08/03/2010;2.23
09/03/2010;2.23
10/03/2010;2.24
11/03/2010;2.24
12/03/2010;2.26
15/03/2010;2.25
16/03/2010;2.24
17/03/2010;2.25
18/03/2010;2.23
19/03/2010;2.20
22/03/2010;2.19
23/03/2010;2.20
24/03/2010;2.24
25/03/2010;2.26
26/03/2010;2.24
29/03/2010;2.22
30/03/2010;2.22
31/03/2010;2.24
01/04/2010;2.28
02/04/2010;2.27
05/04/2010;2.31
06/04/2010;2.30
07/04/2010;2.34
08/04/2010;2.33
09/04/2010;2.34
12/04/2010;2.35
13/04/2010;2.34
14/04/2010;2.34
15/04/2010;2.37
16/04/2010;2.33
19/04/2010;2.34
20/04/2010;2.35
21/04/2010;2.35
22/04/2010;2.34
23/04/2010;2.37
26/04/2010;2.37
27/04/2010;2.34
28/04/2010;2.40
29/04/2010;2.45
30/04/2010;2.40
03/05/2010;2.40
04/05/2010;2.32
05/05/2010;2.28
06/05/2010;2.16
07/05/2010;2.15
10/05/2010;2.24
11/05/2010;2.25
12/05/2010;2.28
13/05/2010;2.27
14/05/2010;2.18
17/05/2010;2.16
18/05/2010;2.13
19/05/2010;2.04
20/05/2010;1.89
21/05/2010;1.87
24/05/2010;1.88
25/05/2010;1.85
26/05/2010;1.91
27/05/2010;2.01
28/05/2010;1.99
31/05/2010;
01/06/2010;1.97
02/06/2010;1.99
03/06/2010;2.05
04/06/2010;1.94
07/06/2010;1.92
08/06/2010;1.89
09/06/2010;1.92
10/06/2010;1.98
11/06/2010;1.95
14/06/2010;1.97
15/06/2010;2.00
16/06/2010;1.99
17/06/2010;1.99
18/06/2010;1.99
21/06/2010;2.02
22/06/2010;1.98
23/06/2010;1.94
24/06/2010;1.91
25/06/2010;1.91
28/06/2010;1.88
29/06/2010;1.83
30/06/2010;1.82
01/07/2010;1.75
02/07/2010;1.73
05/07/2010;
06/07/2010;1.69
07/07/2010;1.70
08/07/2010;1.79
09/07/2010;1.81
12/07/2010;1.82
13/07/2010;1.87
14/07/2010;1.84
15/07/2010;1.79
16/07/2010;1.71
19/07/2010;1.70
20/07/2010;1.70
21/07/2010;1.71
22/07/2010;1.75
23/07/2010;1.78
26/07/2010;1.79
27/07/2010;1.82
28/07/2010;1.81
29/07/2010;1.82
30/07/2010;1.80
02/08/2010;1.86
03/08/2010;1.87
04/08/2010;1.86
05/08/2010;1.87
06/08/2010;1.82
09/08/2010;1.82
10/08/2010;1.84
11/08/2010;1.77
12/08/2010;1.69
13/08/2010;1.68
16/08/2010;1.63
17/08/2010;1.63
18/08/2010;1.62
19/08/2010;1.56
20/08/2010;1.57
23/08/2010;1.55
24/08/2010;1.49
25/08/2010;1.53
26/08/2010;1.55
27/08/2010;1.61
30/08/2010;1.55
31/08/2010;1.52
01/09/2010;1.56
02/09/2010;1.58
03/09/2010;1.62
06/09/2010;
07/09/2010;1.63
08/09/2010;1.64
09/09/2010;1.72
10/09/2010;1.79
13/09/2010;1.80
14/09/2010;1.75
15/09/2010;1.77
16/09/2010;1.77
17/09/2010;1.75
20/09/2010;1.78
21/09/2010;1.83
22/09/2010;1.82
23/09/2010;1.79
24/09/2010;1.81
27/09/2010;1.75
28/09/2010;1.79
29/09/2010;1.78
30/09/2010;1.78
01/10/2010;1.79
04/10/2010;1.78
05/10/2010;1.85
06/10/2010;1.89
07/10/2010;1.88
08/10/2010;1.96
11/10/2010;
12/10/2010;1.95
13/10/2010;2.02
14/10/2010;2.11
15/10/2010;2.09
18/10/2010;2.05
19/10/2010;2.06
20/10/2010;2.04
21/10/2010;2.07
22/10/2010;2.09
25/10/2010;2.14
26/10/2010;2.15
27/10/2010;2.13
28/10/2010;2.12
29/10/2010;2.13
01/11/2010;2.17
02/11/2010;2.14
03/11/2010;2.17
04/11/2010;2.09
05/11/2010;2.10
08/11/2010;2.12
09/11/2010;2.14
10/11/2010;2.09
11/11/2010;
12/11/2010;2.05
15/11/2010;2.05
16/11/2010;1.98
17/11/2010;2.05
18/11/2010;2.07
19/11/2010;2.11
22/11/2010;2.10
23/11/2010;2.08
24/11/2010;2.13
25/11/2010;
26/11/2010;2.12
29/11/2010;2.11
30/11/2010;2.07
01/12/2010;2.14
02/12/2010;2.17
03/12/2010;2.17
06/12/2010;2.16
07/12/2010;2.23
08/12/2010;2.19
09/12/2010;2.14
10/12/2010;2.16
13/12/2010;2.18
14/12/2010;2.22
15/12/2010;2.31
16/12/2010;2.32
17/12/2010;2.28
20/12/2010;2.29
21/12/2010;2.29
22/12/2010;2.33
23/12/2010;2.33
24/12/2010;
27/12/2010;2.30
28/12/2010;2.33
29/12/2010;2.29
30/12/2010;2.30
31/12/2010;2.30
03/01/2011;2.31
04/01/2011;2.35
05/01/2011;2.42
06/01/2011;2.41
07/01/2011;2.36
10/01/2011;2.36
11/01/2011;2.40
12/01/2011;2.42
13/01/2011;2.37
14/01/2011;2.35
17/01/2011;
18/01/2011;2.40
19/01/2011;2.38
20/01/2011;2.25
21/01/2011;2.24
24/01/2011;2.25
25/01/2011;2.24
26/01/2011;2.29
27/01/2011;2.26
28/01/2011;2.27
31/01/2011;2.34
01/02/2011;2.37
02/02/2011;2.36
03/02/2011;2.35
04/02/2011;2.38
07/02/2011;2.36
08/02/2011;2.36
09/02/2011;2.31
10/02/2011;2.31
11/02/2011;2.28
14/02/2011;2.28
15/02/2011;2.28
16/02/2011;2.25
17/02/2011;2.27
18/02/2011;2.34
21/02/2011;
22/02/2011;2.34
23/02/2011;2.39
24/02/2011;2.41
25/02/2011;2.40
28/02/2011;2.39
01/03/2011;2.41
02/03/2011;2.45
03/03/2011;2.49
04/03/2011;2.49
07/03/2011;2.51
08/03/2011;2.55
09/03/2011;2.50
10/03/2011;2.46
11/03/2011;2.44
14/03/2011;2.43
15/03/2011;2.40
16/03/2011;2.37
17/03/2011;2.43
18/03/2011;2.43
21/03/2011;2.44
22/03/2011;2.39
23/03/2011;2.38
24/03/2011;2.47
25/03/2011;2.44
28/03/2011;2.46
29/03/2011;2.47
30/03/2011;2.47
31/03/2011;2.48
01/04/2011;2.52
04/04/2011;2.54
05/04/2011;2.56
06/04/2011;2.57
07/04/2011;2.59
08/04/2011;2.64
11/04/2011;2.63
12/04/2011;2.62
13/04/2011;2.61
14/04/2011;2.62
15/04/2011;2.61
18/04/2011;2.60
19/04/2011;2.63
20/04/2011;2.61
21/04/2011;2.59
22/04/2011;
25/04/2011;2.60
26/04/2011;2.58
27/04/2011;2.58
28/04/2011;2.56
29/04/2011;2.57
02/05/2011;2.56
03/05/2011;2.55
04/05/2011;2.55
05/05/2011;2.48
06/05/2011;2.48
09/05/2011;2.48
10/05/2011;2.49
11/05/2011;2.43
12/05/2011;2.43
13/05/2011;2.39
16/05/2011;2.34
17/05/2011;2.30
18/05/2011;2.36
19/05/2011;2.26
20/05/2011;2.30
23/05/2011;2.29
24/05/2011;2.33
25/05/2011;2.33
26/05/2011;2.31
27/05/2011;2.28
30/05/2011;
31/05/2011;2.25
01/06/2011;2.22
02/06/2011;2.26
03/06/2011;2.24
06/06/2011;2.25
07/06/2011;2.25
08/06/2011;2.22
09/06/2011;2.21
10/06/2011;2.20
13/06/2011;2.20
14/06/2011;2.28
15/06/2011;2.24
16/06/2011;2.20
17/06/2011;2.19
20/06/2011;2.18
21/06/2011;2.21
22/06/2011;2.19
23/06/2011;2.22
24/06/2011;2.24
27/06/2011;2.28
28/06/2011;2.32
29/06/2011;2.40
30/06/2011;2.43
01/07/2011;2.45
04/07/2011;
05/07/2011;2.39
06/07/2011;2.38
07/07/2011;2.42
08/07/2011;2.34
11/07/2011;2.31
12/07/2011;2.32
13/07/2011;2.33
14/07/2011;2.30
15/07/2011;2.33
18/07/2011;2.36
19/07/2011;2.37
20/07/2011;2.34
21/07/2011;2.35
22/07/2011;2.38
25/07/2011;2.45
26/07/2011;2.42
27/07/2011;2.45
28/07/2011;2.46
29/07/2011;2.44
01/08/2011;2.44
02/08/2011;2.37
03/08/2011;2.28
04/08/2011;2.23
05/08/2011;2.26
08/08/2011;2.20
09/08/2011;2.20
10/08/2011;2.30
11/08/2011;2.28
12/08/2011;2.26
15/08/2011;2.23
16/08/2011;2.18
17/08/2011;2.16
18/08/2011;1.99
19/08/2011;2.05
22/08/2011;2.07
23/08/2011;2.02
24/08/2011;2.04
25/08/2011;2.10
26/08/2011;2.04
29/08/2011;2.06
30/08/2011;2.05
31/08/2011;2.05
01/09/2011;2.08
02/09/2011;2.02
05/09/2011;
06/09/2011;1.93
07/09/2011;1.96
08/09/2011;2.00
09/09/2011;1.96
12/09/2011;1.94
13/09/2011;1.93
14/09/2011;1.91
15/09/2011;1.96
16/09/2011;1.95
19/09/2011;1.88
20/09/2011;1.91
21/09/2011;1.86
22/09/2011;1.71
23/09/2011;1.74
26/09/2011;1.79
27/09/2011;1.88
28/09/2011;1.87
29/09/2011;1.82
30/09/2011;1.75
03/10/2011;1.73
04/10/2011;1.76
05/10/2011;1.80
06/10/2011;1.88
07/10/2011;1.94
10/10/2011;
11/10/2011;1.95
12/10/2011;1.98
13/10/2011;1.92
14/10/2011;1.98
17/10/2011;1.94
18/10/2011;1.97
19/10/2011;1.95
20/10/2011;1.98
21/10/2011;2.00
24/10/2011;2.02
25/10/2011;2.02
26/10/2011;2.08
27/10/2011;2.18
28/10/2011;2.15
31/10/2011;2.09
01/11/2011;2.05
02/11/2011;2.10
03/11/2011;2.09
04/11/2011;2.12
07/11/2011;2.14
08/11/2011;2.13
09/11/2011;2.04
10/11/2011;2.08
11/11/2011;
14/11/2011;2.05
15/11/2011;2.02
16/11/2011;1.96
17/11/2011;1.90
18/11/2011;1.96
21/11/2011;1.90
22/11/2011;1.89
23/11/2011;1.90
24/11/2011;
25/11/2011;1.92
28/11/2011;1.95
29/11/2011;1.99
30/11/2011;2.05
01/12/2011;2.05
02/12/2011;2.05
05/12/2011;2.05
06/12/2011;2.07
07/12/2011;2.03
08/12/2011;1.98
09/12/2011;2.02
12/12/2011;2.04
13/12/2011;2.01
14/12/2011;1.96
15/12/2011;1.93
16/12/2011;1.91
19/12/2011;1.94
20/12/2011;2.04
21/12/2011;2.05
22/12/2011;2.04
23/12/2011;2.07
26/12/2011;
27/12/2011;2.04
28/12/2011;2.00
29/12/2011;1.96
30/12/2011;1.96
02/01/2012;
03/01/2012;2.01
04/01/2012;2.08
05/01/2012;2.12
06/01/2012;2.09
09/01/2012;2.11
10/01/2012;2.08
11/01/2012;2.03
12/01/2012;2.04
13/01/2012;2.03
16/01/2012;
17/01/2012;2.04
18/01/2012;2.07
19/01/2012;2.01
20/01/2012;2.04
23/01/2012;2.07
24/01/2012;2.09
25/01/2012;2.13
26/01/2012;2.12
27/01/2012;2.11
30/01/2012;2.11
31/01/2012;2.11
01/02/2012;2.15
02/02/2012;2.16
03/02/2012;2.18
06/02/2012;2.19
07/02/2012;2.21
08/02/2012;2.22
09/02/2012;2.21
10/02/2012;2.20
13/02/2012;2.21
14/02/2012;2.19
15/02/2012;2.19
16/02/2012;2.23
17/02/2012;2.24
20/02/2012;
21/02/2012;2.27
22/02/2012;2.28
23/02/2012;2.29
24/02/2012;2.27
27/02/2012;2.24
28/02/2012;2.25
29/02/2012;2.26
01/03/2012;2.26
02/03/2012;2.23
05/03/2012;2.20
06/03/2012;2.17
07/03/2012;2.20
08/03/2012;2.24
09/03/2012;2.28
12/03/2012;2.28
13/03/2012;2.34
14/03/2012;2.36
15/03/2012;2.37
16/03/2012;2.40
19/03/2012;2.42
20/03/2012;2.42
21/03/2012;2.39
22/03/2012;2.37
23/03/2012;2.36
26/03/2012;2.34
27/03/2012;2.33
28/03/2012;2.32
29/03/2012;2.31
30/03/2012;2.32
02/04/2012;2.36
03/04/2012;2.36
04/04/2012;2.30
05/04/2012;2.27
06/04/2012;2.23
09/04/2012;2.23
10/04/2012;2.25
11/04/2012;2.30
12/04/2012;2.30
13/04/2012;2.27
16/04/2012;2.26
17/04/2012;2.29
18/04/2012;2.26
19/04/2012;2.19
20/04/2012;2.23
23/04/2012;2.22
24/04/2012;2.25
25/04/2012;2.25
26/04/2012;2.27
27/04/2012;2.26
30/04/2012;2.25
01/05/2012;2.26
02/05/2012;2.24
03/05/2012;2.23
04/05/2012;2.21
07/05/2012;2.19
08/05/2012;2.16
09/05/2012;2.14
10/05/2012;2.14
11/05/2012;2.12
14/05/2012;2.11
15/05/2012;2.12
16/05/2012;2.09
17/05/2012;2.05
18/05/2012;2.10
21/05/2012;2.16
22/05/2012;2.17
23/05/2012;2.14
24/05/2012;2.14
25/05/2012;2.13
28/05/2012;
29/05/2012;2.11
30/05/2012;2.08
31/05/2012;2.09
01/06/2012;2.06
04/06/2012;2.09
05/06/2012;2.13
06/06/2012;2.16
07/06/2012;2.15
08/06/2012;2.15
11/06/2012;2.13
12/06/2012;2.15
13/06/2012;2.12
14/06/2012;2.11
15/06/2012;2.14
18/06/2012;2.13
19/06/2012;2.17
20/06/2012;2.16
21/06/2012;2.10
22/06/2012;2.11
25/06/2012;2.10
26/06/2012;2.11
27/06/2012;2.10
28/06/2012;2.08
29/06/2012;2.13
02/07/2012;2.11
03/07/2012;2.13
04/07/2012;
05/07/2012;2.13
06/07/2012;2.10
09/07/2012;2.10
10/07/2012;2.12
11/07/2012;2.11
12/07/2012;2.08
13/07/2012;2.11
16/07/2012;2.11
17/07/2012;2.12
18/07/2012;2.12
19/07/2012;2.16
20/07/2012;2.16
23/07/2012;2.15
24/07/2012;2.12
25/07/2012;2.10
26/07/2012;2.11
27/07/2012;2.19
30/07/2012;2.17
31/07/2012;2.20
01/08/2012;2.23
02/08/2012;2.20
03/08/2012;2.26
06/08/2012;2.27
07/08/2012;2.31
08/08/2012;2.29
09/08/2012;2.27
10/08/2012;2.25
13/08/2012;2.23
14/08/2012;2.26
15/08/2012;2.25
16/08/2012;2.25
17/08/2012;2.24
20/08/2012;2.25
21/08/2012;2.25
22/08/2012;2.26
23/08/2012;2.30
24/08/2012;2.28
27/08/2012;2.29
28/08/2012;2.32
29/08/2012;2.30
30/08/2012;2.26
31/08/2012;2.25
03/09/2012;
04/09/2012;2.27
05/09/2012;2.29
06/09/2012;2.31
07/09/2012;2.35
10/09/2012;2.36
11/09/2012;2.38
12/09/2012;2.38
13/09/2012;2.47
14/09/2012;2.64
17/09/2012;2.59
18/09/2012;2.55
19/09/2012;2.54
20/09/2012;2.50
21/09/2012;2.48
24/09/2012;2.47
25/09/2012;2.44
26/09/2012;2.41
27/09/2012;2.44
28/09/2012;2.42
01/10/2012;2.42
02/10/2012;2.47
03/10/2012;2.47
04/10/2012;2.56
05/10/2012;2.57
08/10/2012;
09/10/2012;2.55
10/10/2012;2.52
11/10/2012;2.47
12/10/2012;2.47
15/10/2012;2.48
16/10/2012;2.46
17/10/2012;2.48
18/10/2012;2.52
19/10/2012;2.50
22/10/2012;2.53
23/10/2012;2.50
24/10/2012;2.49
25/10/2012;2.49
26/10/2012;2.47
29/10/2012;2.47
30/10/2012;
31/10/2012;2.50
01/11/2012;2.52
02/11/2012;2.48
05/11/2012;2.47
06/11/2012;2.50
07/11/2012;2.48
08/11/2012;2.47
09/11/2012;2.44
12/11/2012;
13/11/2012;2.43
14/11/2012;2.40
15/11/2012;2.38
16/11/2012;2.39
19/11/2012;2.39
20/11/2012;2.40
21/11/2012;2.40
22/11/2012;
23/11/2012;2.42
26/11/2012;2.39
27/11/2012;2.38
28/11/2012;2.38
29/11/2012;2.40
30/11/2012;2.41
03/12/2012;2.44
04/12/2012;2.45
05/12/2012;2.45
06/12/2012;2.46
07/12/2012;2.50
10/12/2012;2.50
11/12/2012;2.50
12/12/2012;2.51
13/12/2012;2.47
14/12/2012;2.46
17/12/2012;2.48
18/12/2012;2.51
19/12/2012;2.48
20/12/2012;2.50
21/12/2012;2.48
24/12/2012;2.48
25/12/2012;
26/12/2012;2.48
27/12/2012;2.47
28/12/2012;2.46
31/12/2012;2.45
01/01/2013;
02/01/2013;2.48
03/01/2013;2.46
04/01/2013;2.48
07/01/2013;2.52
08/01/2013;2.49
09/01/2013;2.52
10/01/2013;2.53
11/01/2013;2.52
14/01/2013;2.55
15/01/2013;2.52
16/01/2013;2.49
17/01/2013;2.53
18/01/2013;2.53
21/01/2013;
22/01/2013;2.54
23/01/2013;2.52
24/01/2013;2.50
25/01/2013;2.54
28/01/2013;2.55
29/01/2013;2.56
30/01/2013;2.57
31/01/2013;2.59
01/02/2013;2.59
04/02/2013;2.59
05/02/2013;2.59
06/02/2013;2.58
07/02/2013;2.57
08/02/2013;2.56
11/02/2013;2.57
12/02/2013;2.59
13/02/2013;2.59
14/02/2013;2.56
15/02/2013;2.54
18/02/2013;
19/02/2013;2.55
20/02/2013;2.54
21/02/2013;2.53
22/02/2013;2.54
25/02/2013;2.50
26/02/2013;2.50
27/02/2013;2.52
28/02/2013;2.53
01/03/2013;2.53
04/03/2013;2.53
05/03/2013;2.55
06/03/2013;2.56
07/03/2013;2.56
08/03/2013;2.56
11/03/2013;2.57
12/03/2013;2.55
13/03/2013;2.56
14/03/2013;2.57
15/03/2013;2.56
18/03/2013;2.56
19/03/2013;2.53
20/03/2013;2.53
21/03/2013;2.52
22/03/2013;2.53
25/03/2013;2.53
26/03/2013;2.53
27/03/2013;2.51
28/03/2013;2.51
29/03/2013;
01/04/2013;2.51
02/04/2013;2.51
03/04/2013;2.48
04/04/2013;2.48
05/04/2013;2.46
08/04/2013;2.45
09/04/2013;2.45
10/04/2013;2.44
11/04/2013;2.47
12/04/2013;2.43
15/04/2013;2.41
16/04/2013;2.40
17/04/2013;2.37
18/04/2013;2.27
19/04/2013;2.32
22/04/2013;2.35
23/04/2013;2.38
24/04/2013;2.38
25/04/2013;2.40
26/04/2013;2.38
29/04/2013;2.37
30/04/2013;2.34
01/05/2013;2.30
02/05/2013;2.28
03/05/2013;2.31
06/05/2013;2.31
07/05/2013;2.32
08/05/2013;2.29
09/05/2013;2.31
10/05/2013;2.35
13/05/2013;2.33
14/05/2013;2.33
15/05/2013;2.30
16/05/2013;2.27
17/05/2013;2.26
20/05/2013;2.28
21/05/2013;2.28
22/05/2013;2.27
23/05/2013;2.26
24/05/2013;2.27
27/05/2013;
28/05/2013;2.29
29/05/2013;2.23
30/05/2013;2.18
31/05/2013;2.21
03/06/2013;2.20
04/06/2013;2.19
05/06/2013;2.16
06/06/2013;2.13
07/06/2013;2.14
10/06/2013;2.11
11/06/2013;2.07
12/06/2013;2.04
13/06/2013;2.04
14/06/2013;2.05
17/06/2013;2.04
18/06/2013;2.06
19/06/2013;2.04
20/06/2013;1.95
21/06/2013;1.93
24/06/2013;1.93
25/06/2013;1.96
26/06/2013;1.95
27/06/2013;1.99
28/06/2013;1.99
01/07/2013;2.02
02/07/2013;2.04
03/07/2013;2.04
04/07/2013;
05/07/2013;2.07
08/07/2013;2.07
09/07/2013;2.06
10/07/2013;2.06
11/07/2013;2.04
12/07/2013;2.06
15/07/2013;2.10
16/07/2013;2.14
17/07/2013;2.14
18/07/2013;2.18
19/07/2013;2.21
22/07/2013;2.22
23/07/2013;2.20
24/07/2013;2.17
25/07/2013;2.17
26/07/2013;2.15
29/07/2013;2.16
30/07/2013;2.17
31/07/2013;2.22
01/08/2013;2.26
02/08/2013;2.21
05/08/2013;2.25
06/08/2013;2.28
07/08/2013;2.26
08/08/2013;2.24
09/08/2013;2.24
12/08/2013;2.24
13/08/2013;2.23
14/08/2013;2.21
15/08/2013;2.17
16/08/2013;2.16
19/08/2013;2.13
20/08/2013;2.15
21/08/2013;2.14
22/08/2013;2.11
23/08/2013;2.13
26/08/2013;2.15
27/08/2013;2.15
28/08/2013;2.15
29/08/2013;2.10
30/08/2013;2.10
02/09/2013;
03/09/2013;2.10
04/09/2013;2.07
05/09/2013;2.06
06/09/2013;2.07
09/09/2013;2.06
10/09/2013;2.10
11/09/2013;2.13
12/09/2013;2.11
13/09/2013;2.10
16/09/2013;2.12
17/09/2013;2.16
18/09/2013;2.20
19/09/2013;2.21
20/09/2013;2.23
23/09/2013;2.26
24/09/2013;2.19
25/09/2013;2.18
26/09/2013;2.19
27/09/2013;2.18
30/09/2013;2.19
01/10/2013;2.20
02/10/2013;2.20
03/10/2013;2.19
04/10/2013;2.20
07/10/2013;2.20
08/10/2013;2.18
09/10/2013;2.21
10/10/2013;2.21
11/10/2013;2.20
14/10/2013;
15/10/2013;2.21
16/10/2013;2.19
17/10/2013;2.16
18/10/2013;2.18
21/10/2013;2.19
22/10/2013;2.17
23/10/2013;2.15
24/10/2013;2.17
25/10/2013;2.19
28/10/2013;2.19
29/10/2013;2.18
30/10/2013;2.18
31/10/2013;2.17
01/11/2013;2.15
04/11/2013;2.13
05/11/2013;2.14
06/11/2013;2.19
07/11/2013;2.17
08/11/2013;2.18
11/11/2013;
12/11/2013;2.18
13/11/2013;2.17
14/11/2013;2.18
15/11/2013;2.18
18/11/2013;2.19
19/11/2013;2.18
20/11/2013;2.16
21/11/2013;2.19
22/11/2013;2.19
25/11/2013;2.18
26/11/2013;2.17
27/11/2013;2.16
28/11/2013;
29/11/2013;2.15
02/12/2013;2.15
03/12/2013;2.15
04/12/2013;2.11
05/12/2013;2.12
06/12/2013;2.11
09/12/2013;2.12
10/12/2013;2.12
11/12/2013;2.15
12/12/2013;2.14
13/12/2013;2.16
16/12/2013;2.18
17/12/2013;2.18
18/12/2013;2.17
19/12/2013;2.15
20/12/2013;2.16
23/12/2013;2.18
24/12/2013;2.19
25/12/2013;
26/12/2013;2.20
27/12/2013;2.22
30/12/2013;2.23
31/12/2013;2.24
01/01/2014;
02/01/2014;2.26
03/01/2014;2.26
06/01/2014;2.26
07/01/2014;2.26
08/01/2014;2.29
09/01/2014;2.31
10/01/2014;2.29
13/01/2014;2.27
14/01/2014;2.26
15/01/2014;2.28
16/01/2014;2.25
17/01/2014;2.26
20/01/2014;
21/01/2014;2.26
22/01/2014;2.25
23/01/2014;2.13
24/01/2014;2.14
27/01/2014;2.14
28/01/2014;2.15
29/01/2014;2.14
30/01/2014;2.15
31/01/2014;2.14
03/02/2014;2.14
04/02/2014;2.13
05/02/2014;2.14
06/02/2014;2.16
07/02/2014;2.18
10/02/2014;2.19
11/02/2014;2.19
12/02/2014;2.21
13/02/2014;2.17
14/02/2014;2.16
17/02/2014;
18/02/2014;2.14
19/02/2014;2.13
20/02/2014;2.13
21/02/2014;2.12
24/02/2014;2.16
25/02/2014;2.15
26/02/2014;2.16
27/02/2014;2.16
28/02/2014;2.17
03/03/2014;2.16
04/03/2014;2.18
05/03/2014;2.18
06/03/2014;2.21
07/03/2014;2.23
10/03/2014;2.22
11/03/2014;2.20
12/03/2014;2.19
13/03/2014;2.17
14/03/2014;2.17
17/03/2014;2.18
18/03/2014;2.18
19/03/2014;2.16
20/03/2014;2.13
21/03/2014;2.14
24/03/2014;2.15
25/03/2014;2.14
26/03/2014;2.14
27/03/2014;2.13
28/03/2014;2.13
31/03/2014;2.13
01/04/2014;2.14
02/04/2014;2.14
03/04/2014;2.14
04/04/2014;2.13
07/04/2014;2.12
08/04/2014;2.11
09/04/2014;2.14
10/04/2014;2.14
11/04/2014;2.13
14/04/2014;2.13
15/04/2014;2.14
16/04/2014;2.17
17/04/2014;2.21
18/04/2014;
21/04/2014;2.20
22/04/2014;2.21
23/04/2014;2.21
24/04/2014;2.21
25/04/2014;2.20
28/04/2014;2.18
29/04/2014;2.18
30/04/2014;2.18
01/05/2014;2.20
02/05/2014;2.19
05/05/2014;2.18
06/05/2014;2.16
07/05/2014;2.20
08/05/2014;2.19
09/05/2014;2.18
12/05/2014;2.18
13/05/2014;2.16
14/05/2014;2.17
15/05/2014;2.19
16/05/2014;2.18
19/05/2014;2.17
20/05/2014;2.17
21/05/2014;2.18
22/05/2014;2.21
23/05/2014;2.22
26/05/2014;
27/05/2014;2.21
28/05/2014;2.22
29/05/2014;2.23
30/05/2014;2.22
02/06/2014;2.22
03/06/2014;2.19
04/06/2014;2.17
05/06/2014;2.18
06/06/2014;2.20
09/06/2014;2.21
10/06/2014;2.21
11/06/2014;2.22
12/06/2014;2.19
13/06/2014;2.19
16/06/2014;2.20
17/06/2014;2.23
18/06/2014;2.23
19/06/2014;2.25
20/06/2014;2.28
23/06/2014;2.28
24/06/2014;2.28
25/06/2014;2.28
26/06/2014;2.27
27/06/2014;2.27
30/06/2014;2.26
01/07/2014;2.26
02/07/2014;2.26
03/07/2014;2.28
04/07/2014;
07/07/2014;2.27
08/07/2014;2.27
09/07/2014;2.29
10/07/2014;2.28
11/07/2014;2.28
14/07/2014;2.27
15/07/2014;2.25
16/07/2014;2.23
17/07/2014;2.23
18/07/2014;2.24
21/07/2014;2.24
22/07/2014;2.23
23/07/2014;2.23
24/07/2014;2.27
25/07/2014;2.28
28/07/2014;2.28
29/07/2014;2.27
30/07/2014;2.28
31/07/2014;2.29
01/08/2014;2.27
04/08/2014;2.25
05/08/2014;2.24
06/08/2014;2.25
07/08/2014;2.24
08/08/2014;2.25
11/08/2014;2.25
12/08/2014;2.24
13/08/2014;2.23
14/08/2014;2.21
15/08/2014;2.18
18/08/2014;2.18
19/08/2014;2.17
20/08/2014;2.17
21/08/2014;2.17
22/08/2014;2.14
25/08/2014;2.15
26/08/2014;2.14
27/08/2014;2.14
28/08/2014;2.13
29/08/2014;2.12
01/09/2014;
02/09/2014;2.15
03/09/2014;2.17
04/09/2014;2.17
05/09/2014;2.15
08/09/2014;2.13
09/09/2014;2.11
10/09/2014;2.10
11/09/2014;2.12
12/09/2014;2.13
15/09/2014;2.13
16/09/2014;2.12
17/09/2014;2.06
18/09/2014;2.02
19/09/2014;2.03
22/09/2014;1.99
23/09/2014;2.02
24/09/2014;2.03
25/09/2014;2.02
26/09/2014;1.97
29/09/2014;1.95
30/09/2014;1.97
01/10/2014;1.96
02/10/2014;1.95
03/10/2014;1.93
06/10/2014;1.93
07/10/2014;1.92
08/10/2014;1.96
09/10/2014;1.97
10/10/2014;1.96
13/10/2014;
14/10/2014;1.92
15/10/2014;1.86
16/10/2014;1.89
17/10/2014;1.92
20/10/2014;1.91
21/10/2014;1.90
22/10/2014;1.91
23/10/2014;1.91
24/10/2014;1.90
27/10/2014;1.89
28/10/2014;1.91
29/10/2014;1.92
30/10/2014;1.90
31/10/2014;1.92
03/11/2014;1.93
04/11/2014;1.92
05/11/2014;1.93
06/11/2014;1.94
07/11/2014;1.94
10/11/2014;1.94
11/11/2014;
12/11/2014;1.91
13/11/2014;1.88
14/11/2014;1.89
17/11/2014;1.86
18/11/2014;1.84
19/11/2014;1.83
20/11/2014;1.85
21/11/2014;1.86
24/11/2014;1.86
25/11/2014;1.85
26/11/2014;1.82
27/11/2014;
28/11/2014;1.79
01/12/2014;1.79
02/12/2014;1.77
03/12/2014;1.79
04/12/2014;1.77
05/12/2014;1.75
08/12/2014;1.71
09/12/2014;1.73
10/12/2014;1.71
11/12/2014;1.70
12/12/2014;1.64
15/12/2014;1.62
16/12/2014;1.65
17/12/2014;1.65
18/12/2014;1.65
19/12/2014;1.68
22/12/2014;1.70
23/12/2014;1.70
24/12/2014;1.68
25/12/2014;
26/12/2014;1.67
29/12/2014;1.65
30/12/2014;1.64
31/12/2014;1.68
01/01/2015;
02/01/2015;1.71
05/01/2015;1.64
06/01/2015;1.56
07/01/2015;1.57
08/01/2015;1.62
09/01/2015;1.62
12/01/2015;1.57
13/01/2015;1.54
14/01/2015;1.57
15/01/2015;1.58
16/01/2015;1.60
19/01/2015;
20/01/2015;1.59
21/01/2015;1.61
22/01/2015;1.61
23/01/2015;1.60
26/01/2015;1.61
27/01/2015;1.66
28/01/2015;1.61
29/01/2015;1.62
30/01/2015;1.65
02/02/2015;1.65
03/02/2015;1.70
04/02/2015;1.71
05/02/2015;1.70
06/02/2015;1.71
09/02/2015;1.71
10/02/2015;1.70
11/02/2015;1.68
12/02/2015;1.66
13/02/2015;1.68
16/02/2015;
17/02/2015;1.71
18/02/2015;1.71
19/02/2015;1.74
20/02/2015;1.75
23/02/2015;1.72
24/02/2015;1.72
25/02/2015;1.72
26/02/2015;1.79
27/02/2015;1.83
02/03/2015;1.83
03/03/2015;1.86
04/03/2015;1.87
05/03/2015;1.84
06/03/2015;1.83
09/03/2015;1.76
10/03/2015;1.73
11/03/2015;1.72
12/03/2015;1.71
13/03/2015;1.69
16/03/2015;1.65
17/03/2015;1.64
18/03/2015;1.70
19/03/2015;1.79
20/03/2015;1.76
23/03/2015;1.75
24/03/2015;1.77
25/03/2015;1.81
26/03/2015;1.80
27/03/2015;1.76
30/03/2015;1.73
31/03/2015;1.76
01/04/2015;1.80
02/04/2015;1.81
03/04/2015;1.83
06/04/2015;1.85
07/04/2015;1.85
08/04/2015;1.84
09/04/2015;1.84
10/04/2015;1.82
13/04/2015;1.80
14/04/2015;1.80
15/04/2015;1.84
16/04/2015;1.85
17/04/2015;1.89
20/04/2015;1.89
21/04/2015;1.86
22/04/2015;1.87
23/04/2015;1.89
24/04/2015;1.89
27/04/2015;1.91
28/04/2015;1.89
29/04/2015;1.92
30/04/2015;1.94
01/05/2015;1.94
04/05/2015;1.92
05/05/2015;1.94
06/05/2015;1.91
07/05/2015;1.88
08/05/2015;1.88
11/05/2015;1.88
12/05/2015;1.88
13/05/2015;1.86
14/05/2015;1.87
15/05/2015;1.83
18/05/2015;1.86
19/05/2015;1.85
20/05/2015;1.88
21/05/2015;1.84
22/05/2015;1.87
25/05/2015;
26/05/2015;1.82
27/05/2015;1.80
28/05/2015;1.80
29/05/2015;1.80
01/06/2015;1.80
02/06/2015;1.83
03/06/2015;1.83
04/06/2015;1.81
05/06/2015;1.86
08/06/2015;1.85
09/06/2015;1.86
10/06/2015;1.87
11/06/2015;1.83
12/06/2015;1.84
15/06/2015;1.85
16/06/2015;1.88
17/06/2015;1.90
18/06/2015;1.89
19/06/2015;1.86
22/06/2015;1.90
23/06/2015;1.92
24/06/2015;1.90
25/06/2015;1.91
26/06/2015;1.92
29/06/2015;1.87
30/06/2015;1.87
01/07/2015;1.89
02/07/2015;1.91
03/07/2015;
06/07/2015;1.87
07/07/2015;1.87
08/07/2015;1.83
09/07/2015;1.85
10/07/2015;1.87
13/07/2015;1.86
14/07/2015;1.85
15/07/2015;1.84
16/07/2015;1.84
17/07/2015;1.83
20/07/2015;1.82
21/07/2015;1.82
22/07/2015;1.80
23/07/2015;1.79
24/07/2015;1.76
27/07/2015;1.73
28/07/2015;1.75
29/07/2015;1.77
30/07/2015;1.77
31/07/2015;1.74
03/08/2015;1.70
04/08/2015;1.71
05/08/2015;1.70
06/08/2015;1.67
07/08/2015;1.66
10/08/2015;1.69
11/08/2015;1.66
12/08/2015;1.62
13/08/2015;1.62
14/08/2015;1.62
17/08/2015;1.58
18/08/2015;1.58
19/08/2015;1.57
20/08/2015;1.56
21/08/2015;1.53
24/08/2015;1.49
25/08/2015;1.53
26/08/2015;1.53
27/08/2015;1.58
28/08/2015;1.61
31/08/2015;1.63
01/09/2015;1.57
02/09/2015;1.56
03/09/2015;1.54
04/09/2015;1.51
07/09/2015;
08/09/2015;1.53
09/09/2015;1.56
10/09/2015;1.59
11/09/2015;1.59
14/09/2015;1.56
15/09/2015;1.56
16/09/2015;1.57
17/09/2015;1.58
18/09/2015;1.55
21/09/2015;1.54
22/09/2015;1.51
23/09/2015;1.52
24/09/2015;1.49
25/09/2015;1.46
28/09/2015;1.39
29/09/2015;1.39
30/09/2015;1.41
01/10/2015;1.46
02/10/2015;1.48
05/10/2015;1.51
06/10/2015;1.52
07/10/2015;1.55
08/10/2015;1.58
09/10/2015;1.54
12/10/2015;
13/10/2015;1.52
14/10/2015;1.49
15/10/2015;1.50
16/10/2015;1.48
19/10/2015;1.45
20/10/2015;1.48
21/10/2015;1.45
22/10/2015;1.47
23/10/2015;1.51
26/10/2015;1.48
27/10/2015;1.48
28/10/2015;1.47
29/10/2015;1.52
30/10/2015;1.53
02/11/2015;1.55
03/11/2015;1.58
04/11/2015;1.57
05/11/2015;1.55
06/11/2015;1.59
09/11/2015;1.60
10/11/2015;1.55
11/11/2015;
12/11/2015;1.54
13/11/2015;1.52
16/11/2015;1.51
17/11/2015;1.53
18/11/2015;1.56
19/11/2015;1.56
20/11/2015;1.60
23/11/2015;1.61
24/11/2015;1.62
25/11/2015;1.61
26/11/2015;
27/11/2015;1.60
30/11/2015;1.59
01/12/2015;1.57
02/12/2015;1.56
03/12/2015;1.61
04/12/2015;1.60
07/12/2015;1.56
08/12/2015;1.56
09/12/2015;1.53
10/12/2015;1.51
11/12/2015;1.46
14/12/2015;1.45
15/12/2015;1.48
16/12/2015;1.46
17/12/2015;1.47
18/12/2015;1.46
21/12/2015;1.45
22/12/2015;1.46
23/12/2015;1.51
24/12/2015;1.52
25/12/2015;
28/12/2015;1.50
29/12/2015;1.53
30/12/2015;1.54
31/12/2015;1.54
01/01/2016;
04/01/2016;1.55
05/01/2016;1.56
06/01/2016;1.53
07/01/2016;1.50
08/01/2016;1.48
11/01/2016;1.45
12/01/2016;1.43
13/01/2016;1.43
14/01/2016;1.43
15/01/2016;1.36
18/01/2016;
19/01/2016;1.38
20/01/2016;1.32
21/01/2016;1.28
22/01/2016;1.35
25/01/2016;1.34
26/01/2016;1.36
27/01/2016;1.40
28/01/2016;1.42
29/01/2016;1.41
01/02/2016;1.40
02/02/2016;1.36
03/02/2016;1.38
04/02/2016;1.36
05/02/2016;1.33
08/02/2016;1.23
09/02/2016;1.21
10/02/2016;1.21
11/02/2016;1.18
12/02/2016;1.25
15/02/2016;
16/02/2016;1.25
17/02/2016;1.28
18/02/2016;1.24
19/02/2016;1.26
22/02/2016;1.31
23/02/2016;1.32
24/02/2016;1.36
25/02/2016;1.39
26/02/2016;1.41
29/02/2016;1.42
01/03/2016;1.48
02/03/2016;1.51
03/03/2016;1.53
04/03/2016;1.51
07/03/2016;1.48
08/03/2016;1.46
09/03/2016;1.51
10/03/2016;1.48
11/03/2016;1.54
14/03/2016;1.52
15/03/2016;1.50
16/03/2016;1.58
17/03/2016;1.57
18/03/2016;1.61
21/03/2016;1.64
22/03/2016;1.63
23/03/2016;1.58
24/03/2016;1.57
25/03/2016;
28/03/2016;1.56
29/03/2016;1.61
30/03/2016;1.65
31/03/2016;1.62
01/04/2016;1.62
04/04/2016;1.64
05/04/2016;1.59
06/04/2016;1.59
07/04/2016;1.58
08/04/2016;1.58
11/04/2016;1.56
12/04/2016;1.57
13/04/2016;1.56
14/04/2016;1.56
15/04/2016;1.56
18/04/2016;1.57
19/04/2016;1.60
20/04/2016;1.62
21/04/2016;1.64
22/04/2016;1.64
25/04/2016;1.65
26/04/2016;1.67
27/04/2016;1.68
28/04/2016;1.72
29/04/2016;1.71
02/05/2016;1.68
03/05/2016;1.64
04/05/2016;1.63
05/05/2016;1.63
06/05/2016;1.61
09/05/2016;1.59
10/05/2016;1.62
11/05/2016;1.59
12/05/2016;1.60
13/05/2016;1.58
16/05/2016;1.60
17/05/2016;1.61
18/05/2016;1.61
19/05/2016;1.56
20/05/2016;1.56
23/05/2016;1.54
24/05/2016;1.55
25/05/2016;1.58
26/05/2016;1.58
27/05/2016;1.58
30/05/2016;
31/05/2016;1.54
01/06/2016;1.54
02/06/2016;1.54
03/06/2016;1.52
06/06/2016;1.54
07/06/2016;1.57
08/06/2016;1.59
09/06/2016;1.56
10/06/2016;1.52
13/06/2016;1.47
14/06/2016;1.45
15/06/2016;1.47
16/06/2016;1.42
17/06/2016;1.42
20/06/2016;1.43
21/06/2016;1.43
22/06/2016;1.44
23/06/2016;1.50
24/06/2016;1.42
27/06/2016;1.34
28/06/2016;1.37
29/06/2016;1.40
30/06/2016;1.40
01/07/2016;1.43
04/07/2016;
05/07/2016;1.40
06/07/2016;1.43
07/07/2016;1.43
08/07/2016;1.43
11/07/2016;1.42
12/07/2016;1.46
13/07/2016;1.45
14/07/2016;1.45
15/07/2016;1.49
18/07/2016;1.49
19/07/2016;1.44
20/07/2016;1.46
21/07/2016;1.52
22/07/2016;1.51
25/07/2016;1.50
26/07/2016;1.50
27/07/2016;1.49
28/07/2016;1.52
29/07/2016;1.49
01/08/2016;1.46
02/08/2016;1.44
03/08/2016;1.46
04/08/2016;1.47
05/08/2016;1.50
08/08/2016;1.51
09/08/2016;1.49
10/08/2016;1.44
11/08/2016;1.47
12/08/2016;1.44
15/08/2016;1.45
16/08/2016;1.44
17/08/2016;1.47
18/08/2016;1.47
19/08/2016;1.48
22/08/2016;1.47
23/08/2016;1.48
24/08/2016;1.48
25/08/2016;1.49
26/08/2016;1.47
29/08/2016;1.46
30/08/2016;1.46
31/08/2016;1.47
01/09/2016;1.45
02/09/2016;1.47
05/09/2016;
06/09/2016;1.49
07/09/2016;1.51
08/09/2016;1.52
09/09/2016;1.50
12/09/2016;1.51
13/09/2016;1.49
14/09/2016;1.49
15/09/2016;1.49
16/09/2016;1.51
19/09/2016;1.50
20/09/2016;1.49
21/09/2016;1.51
22/09/2016;1.55
23/09/2016;1.57
26/09/2016;1.54
27/09/2016;1.52
28/09/2016;1.56
29/09/2016;1.54
30/09/2016;1.60
03/10/2016;1.63
04/10/2016;1.62
05/10/2016;1.62
06/10/2016;1.64
07/10/2016;1.63
10/10/2016;
11/10/2016;1.64
12/10/2016;1.64
13/10/2016;1.63
14/10/2016;1.67
17/10/2016;1.68
18/10/2016;1.66
19/10/2016;1.68
20/10/2016;1.68
21/10/2016;1.67
24/10/2016;1.66
25/10/2016;1.70
26/10/2016;1.71
27/10/2016;1.72
28/10/2016;1.73
31/10/2016;1.73
01/11/2016;1.72
02/11/2016;1.70
03/11/2016;1.68
04/11/2016;1.68
07/11/2016;1.71
08/11/2016;1.73
09/11/2016;1.82
10/11/2016;1.88
11/11/2016;
14/11/2016;1.83
15/11/2016;1.82
16/11/2016;1.83
17/11/2016;1.87
18/11/2016;1.90
21/11/2016;1.91
22/11/2016;1.90
23/11/2016;1.92
24/11/2016;
25/11/2016;1.89
28/11/2016;1.85
29/11/2016;1.86
30/11/2016;1.94
01/12/2016;1.97
02/12/2016;1.91
05/12/2016;1.94
06/12/2016;1.95
07/12/2016;1.92
08/12/2016;1.95
09/12/2016;1.96
12/12/2016;1.98
13/12/2016;1.95
14/12/2016;1.94
15/12/2016;1.90
16/12/2016;1.86
19/12/2016;1.86
20/12/2016;1.90
21/12/2016;1.91
22/12/2016;1.95
23/12/2016;1.97
26/12/2016;
27/12/2016;1.99
28/12/2016;1.95
29/12/2016;1.94
30/12/2016;1.95
02/01/2017;
03/01/2017;1.98
04/01/2017;1.99
05/01/2017;1.95
06/01/2017;1.96
09/01/2017;1.95
10/01/2017;1.95
11/01/2017;1.99
12/01/2017;1.98
13/01/2017;1.99
16/01/2017;
17/01/2017;1.97
18/01/2017;2.00
19/01/2017;2.04
20/01/2017;2.04
23/01/2017;2.02
24/01/2017;2.06
25/01/2017;2.08
26/01/2017;2.08
27/01/2017;2.08
30/01/2017;2.07
31/01/2017;2.05
01/02/2017;2.05
02/02/2017;2.05
03/02/2017;2.05
06/02/2017;2.02
07/02/2017;2.00
08/02/2017;1.96
09/02/2017;1.99
10/02/2017;2.01
13/02/2017;2.00
14/02/2017;2.01
15/02/2017;2.06
16/02/2017;2.02
17/02/2017;2.01
20/02/2017;
21/02/2017;2.03
22/02/2017;2.04
23/02/2017;2.03
24/02/2017;2.00
27/02/2017;2.01
28/02/2017;2.02
01/03/2017;2.03
02/03/2017;2.01
03/03/2017;2.04
06/03/2017;2.01
07/03/2017;2.03
08/03/2017;2.01
09/03/2017;2.00
10/03/2017;2.01
13/03/2017;2.01
14/03/2017;1.99
15/03/2017;2.01
16/03/2017;2.02
17/03/2017;2.01
20/03/2017;2.00
21/03/2017;1.98
22/03/2017;1.97
23/03/2017;1.95
24/03/2017;1.98
27/03/2017;1.97
28/03/2017;1.97
29/03/2017;1.98
30/03/2017;1.96
31/03/2017;1.97
03/04/2017;1.96
04/04/2017;1.96
05/04/2017;1.97
06/04/2017;1.95
07/04/2017;1.94
10/04/2017;1.93
11/04/2017;1.91
12/04/2017;1.90
13/04/2017;1.92
14/04/2017;
17/04/2017;1.88
18/04/2017;1.85
19/04/2017;1.85
20/04/2017;1.85
21/04/2017;1.84
24/04/2017;1.87
25/04/2017;1.91
26/04/2017;1.90
27/04/2017;1.91
28/04/2017;1.92
01/05/2017;1.92
02/05/2017;1.88
03/05/2017;1.87
04/05/2017;1.86
05/05/2017;1.86
08/05/2017;1.86
09/05/2017;1.86
10/05/2017;1.85
11/05/2017;1.88
12/05/2017;1.84
15/05/2017;1.82
16/05/2017;1.82
17/05/2017;1.78
18/05/2017;1.80
19/05/2017;1.82
22/05/2017;1.82
23/05/2017;1.83
24/05/2017;1.81
25/05/2017;1.80
26/05/2017;1.81
29/05/2017;
30/05/2017;1.81
31/05/2017;1.81
01/06/2017;1.81
02/06/2017;1.79
05/06/2017;1.79
06/06/2017;1.77
07/06/2017;1.78
08/06/2017;1.78
09/06/2017;1.78
12/06/2017;1.75
13/06/2017;1.75
14/06/2017;1.71
15/06/2017;1.67
16/06/2017;1.67
19/06/2017;1.67
20/06/2017;1.66
21/06/2017;1.66
22/06/2017;1.69
23/06/2017;1.70
26/06/2017;1.71
27/06/2017;1.71
28/06/2017;1.73
29/06/2017;1.72
30/06/2017;1.73
03/07/2017;1.75
04/07/2017;
05/07/2017;1.75
06/07/2017;1.76
07/07/2017;1.73
10/07/2017;1.72
11/07/2017;1.75
12/07/2017;1.76
13/07/2017;1.77
14/07/2017;1.76
17/07/2017;1.77
18/07/2017;1.76
19/07/2017;1.76
20/07/2017;1.77
21/07/2017;1.76
24/07/2017;1.78
25/07/2017;1.81
26/07/2017;1.80
27/07/2017;1.83
28/07/2017;1.83
31/07/2017;1.82
01/08/2017;1.79
02/08/2017;1.79
03/08/2017;1.78
04/08/2017;1.80
07/08/2017;1.80
08/08/2017;1.83
09/08/2017;1.82
10/08/2017;1.80
11/08/2017;1.79
14/08/2017;1.77
15/08/2017;1.78
16/08/2017;1.78
17/08/2017;1.77
18/08/2017;1.76
21/08/2017;1.75
22/08/2017;1.77
23/08/2017;1.75
24/08/2017;1.75
25/08/2017;1.75
28/08/2017;1.75
29/08/2017;1.74
30/08/2017;1.76
31/08/2017;1.76
01/09/2017;1.79
04/09/2017;
05/09/2017;1.77
06/09/2017;1.78
07/09/2017;1.79
08/09/2017;1.81
11/09/2017;1.83
12/09/2017;1.84
13/09/2017;1.85
14/09/2017;1.85
15/09/2017;1.85
18/09/2017;1.87
19/09/2017;1.87
20/09/2017;1.85
21/09/2017;1.83
22/09/2017;1.84
25/09/2017;1.84
26/09/2017;1.84
27/09/2017;1.87
28/09/2017;1.87
29/09/2017;1.84
02/10/2017;1.83
03/10/2017;1.84
04/10/2017;1.85
05/10/2017;1.86
06/10/2017;1.87
09/10/2017;
10/10/2017;1.88
11/10/2017;1.89
12/10/2017;1.89
13/10/2017;1.85
16/10/2017;1.84
17/10/2017;1.82
18/10/2017;1.84
19/10/2017;1.84
20/10/2017;1.87
23/10/2017;1.86
24/10/2017;1.87
25/10/2017;1.88
26/10/2017;1.89
27/10/2017;1.88
30/10/2017;1.87
31/10/2017;1.88
01/11/2017;1.88
02/11/2017;1.87
03/11/2017;1.86
06/11/2017;1.86
07/11/2017;1.88
08/11/2017;1.87
09/11/2017;1.87
10/11/2017;1.88
13/11/2017;1.88
14/11/2017;1.87
15/11/2017;1.85
16/11/2017;1.84
17/11/2017;1.86
20/11/2017;1.85
21/11/2017;1.84
22/11/2017;1.84
23/11/2017;
24/11/2017;1.84
27/11/2017;1.83
28/11/2017;1.84
29/11/2017;1.84
30/11/2017;1.86
01/12/2017;1.86
04/12/2017;1.87
05/12/2017;1.86
06/12/2017;1.86
07/12/2017;1.87
08/12/2017;1.88
11/12/2017;1.88
12/12/2017;1.89
13/12/2017;1.88
14/12/2017;1.87
15/12/2017;1.88
18/12/2017;1.89
19/12/2017;1.91
20/12/2017;1.92
21/12/2017;1.93
22/12/2017;1.94
25/12/2017;
26/12/2017;1.94
27/12/2017;1.94
28/12/2017;1.96
29/12/2017;1.96
01/01/2018;
02/01/2018;2.00
03/01/2018;1.98
04/01/2018;2.01
05/01/2018;2.01
08/01/2018;2.02
09/01/2018;2.03
10/01/2018;2.03
11/01/2018;2.00
12/01/2018;2.01
15/01/2018;
16/01/2018;2.03
17/01/2018;2.04
18/01/2018;2.05
19/01/2018;2.06
22/01/2018;2.06
23/01/2018;2.06
24/01/2018;2.07
25/01/2018;2.07
26/01/2018;2.09
29/01/2018;2.09
30/01/2018;2.10
31/01/2018;2.11
01/02/2018;2.11
02/02/2018;2.14
05/02/2018;2.10
06/02/2018;2.10
07/02/2018;2.10
08/02/2018;2.09
09/02/2018;2.05
12/02/2018;2.07
13/02/2018;2.05
14/02/2018;2.09
15/02/2018;2.11
16/02/2018;2.09
19/02/2018;
20/02/2018;2.10
21/02/2018;2.12
22/02/2018;2.11
23/02/2018;2.12
26/02/2018;2.13
27/02/2018;2.13
28/02/2018;2.12
01/03/2018;2.10
02/03/2018;2.12
05/03/2018;2.13
06/03/2018;2.12
07/03/2018;2.13
08/03/2018;2.11
09/03/2018;2.12
12/03/2018;2.10
13/03/2018;2.09
14/03/2018;2.07
15/03/2018;2.08
16/03/2018;2.08
19/03/2018;2.08
20/03/2018;2.08
21/03/2018;2.09
22/03/2018;2.08
23/03/2018;2.07
26/03/2018;2.08
27/03/2018;2.07
28/03/2018;2.05
29/03/2018;2.05
30/03/2018;
02/04/2018;2.05
03/04/2018;2.08
04/04/2018;2.08
05/04/2018;2.08
06/04/2018;2.07
09/04/2018;2.07
10/04/2018;2.08
11/04/2018;2.11
12/04/2018;2.13
13/04/2018;2.13
16/04/2018;2.12
17/04/2018;2.14
18/04/2018;2.16
19/04/2018;2.17
20/04/2018;2.17
23/04/2018;2.18
24/04/2018;2.17
25/04/2018;2.17
26/04/2018;2.18
27/04/2018;2.17
30/04/2018;2.17
01/05/2018;2.16
02/05/2018;2.17
03/05/2018;2.16
04/05/2018;2.16
07/05/2018;2.17
08/05/2018;2.16
09/05/2018;2.18
10/05/2018;2.17
11/05/2018;2.15
14/05/2018;2.15
15/05/2018;2.18
16/05/2018;2.17
17/05/2018;2.16
18/05/2018;2.15
21/05/2018;2.16
22/05/2018;2.15
23/05/2018;2.14
24/05/2018;2.12
25/05/2018;2.09
28/05/2018;
29/05/2018;2.04
30/05/2018;2.06
31/05/2018;2.07
01/06/2018;2.09
04/06/2018;2.12
05/06/2018;2.13
06/06/2018;2.14
07/06/2018;2.13
08/06/2018;2.11
11/06/2018;2.13
12/06/2018;2.13
13/06/2018;2.12
14/06/2018;2.12
15/06/2018;2.12
18/06/2018;2.12
19/06/2018;2.12
20/06/2018;2.12
21/06/2018;2.11
22/06/2018;2.12
25/06/2018;2.10
26/06/2018;2.12
27/06/2018;2.11
28/06/2018;2.10
29/06/2018;2.11
02/07/2018;2.14
03/07/2018;2.12
04/07/2018;
05/07/2018;2.13
06/07/2018;2.12
09/07/2018;2.13
10/07/2018;2.13
11/07/2018;2.11
12/07/2018;2.10
13/07/2018;2.11
16/07/2018;2.10
17/07/2018;2.09
18/07/2018;2.09
19/07/2018;2.09
20/07/2018;2.11
23/07/2018;2.11
24/07/2018;2.11
25/07/2018;2.13
26/07/2018;2.11
27/07/2018;2.12
30/07/2018;2.13
31/07/2018;2.12
01/08/2018;2.13
02/08/2018;2.12
03/08/2018;2.12
06/08/2018;2.11
07/08/2018;2.13
08/08/2018;2.11
09/08/2018;2.11
10/08/2018;2.09
13/08/2018;2.10
14/08/2018;2.09
15/08/2018;2.08
16/08/2018;2.08
17/08/2018;2.08
20/08/2018;2.07
21/08/2018;2.08
22/08/2018;2.08
23/08/2018;2.09
24/08/2018;2.09
27/08/2018;2.11
28/08/2018;2.11
29/08/2018;2.12
30/08/2018;2.10
31/08/2018;2.08
03/09/2018;
04/09/2018;2.10
05/09/2018;2.09
06/09/2018;2.08
07/09/2018;2.10
10/09/2018;2.10
11/09/2018;2.12
12/09/2018;2.12
13/09/2018;2.10
14/09/2018;2.10
17/09/2018;2.10
18/09/2018;2.13
19/09/2018;2.15
20/09/2018;2.15
21/09/2018;2.15
24/09/2018;2.16
25/09/2018;2.16
26/09/2018;2.14
27/09/2018;2.15
28/09/2018;2.14
01/10/2018;2.14
02/10/2018;2.12
03/10/2018;2.16
04/10/2018;2.16
05/10/2018;2.16
08/10/2018;
09/10/2018;2.17
10/10/2018;2.16
11/10/2018;2.12
12/10/2018;2.12
15/10/2018;2.13
16/10/2018;2.13
17/10/2018;2.13
18/10/2018;2.10
19/10/2018;2.11
22/10/2018;2.11
23/10/2018;2.09
24/10/2018;2.07
25/10/2018;2.05
26/10/2018;2.06
29/10/2018;2.06
30/10/2018;2.05
31/10/2018;2.05
01/11/2018;2.02
02/11/2018;2.06
05/11/2018;2.06
06/11/2018;2.07
07/11/2018;2.07
08/11/2018;2.07
09/11/2018;2.04
12/11/2018;
13/11/2018;2.02
14/11/2018;2.00
15/11/2018;2.00
16/11/2018;2.02
19/11/2018;1.99
20/11/2018;1.97
21/11/2018;1.97
22/11/2018;
23/11/2018;1.96
26/11/2018;1.96
27/11/2018;1.91
28/11/2018;1.94
29/11/2018;1.98
30/11/2018;1.97
03/12/2018;1.96
04/12/2018;1.94
05/12/2018;
06/12/2018;1.90
07/12/2018;1.89
10/12/2018;1.86
11/12/2018;1.83
12/12/2018;1.83
13/12/2018;1.83
14/12/2018;1.82
17/12/2018;1.81
18/12/2018;1.81
19/12/2018;1.80
20/12/2018;1.76
21/12/2018;1.77
24/12/2018;1.75
25/12/2018;
26/12/2018;1.77
27/12/2018;1.74
28/12/2018;1.73
31/12/2018;1.71
01/01/2019;
02/01/2019;1.70
03/01/2019;1.68
04/01/2019;1.76
07/01/2019;1.78
08/01/2019;1.82
09/01/2019;1.83
10/01/2019;1.81
11/01/2019;1.83
14/01/2019;1.81
15/01/2019;1.81
16/01/2019;1.82
17/01/2019;1.79
18/01/2019;1.83
21/01/2019;
22/01/2019;1.79
23/01/2019;1.80
24/01/2019;1.77
25/01/2019;1.79
28/01/2019;1.78
29/01/2019;1.78
30/01/2019;1.84
31/01/2019;1.85
01/02/2019;1.88
04/02/2019;1.87
05/02/2019;1.87
06/02/2019;1.86
07/02/2019;1.84
08/02/2019;1.82
11/02/2019;1.82
12/02/2019;1.83
13/02/2019;1.86
14/02/2019;1.85
15/02/2019;1.86
18/02/2019;
19/02/2019;1.87
20/02/2019;1.89
21/02/2019;1.91
22/02/2019;1.91
25/02/2019;1.92
26/02/2019;1.92
27/02/2019;1.93
28/02/2019;1.95
01/03/2019;1.96
04/03/2019;1.94
05/03/2019;1.93
06/03/2019;1.91
07/03/2019;1.90
08/03/2019;1.90
11/03/2019;1.91
12/03/2019;1.90
13/03/2019;1.92
14/03/2019;1.94
15/03/2019;1.94
18/03/2019;1.96
19/03/2019;1.95
20/03/2019;1.96
21/03/2019;1.96
22/03/2019;1.90
25/03/2019;1.88
26/03/2019;1.86
27/03/2019;1.84
28/03/2019;1.83
29/03/2019;1.88
01/04/2019;1.90
02/04/2019;1.90
03/04/2019;1.91
04/04/2019;1.90
05/04/2019;1.90
08/04/2019;1.91
09/04/2019;1.91
10/04/2019;1.94
11/04/2019;1.94
12/04/2019;1.95
15/04/2019;1.94
16/04/2019;1.96
17/04/2019;1.94
18/04/2019;1.95
19/04/2019;
22/04/2019;1.95
23/04/2019;1.95
24/04/2019;1.96
25/04/2019;1.98
26/04/2019;1.97
29/04/2019;1.96
30/04/2019;1.95
01/05/2019;1.93
02/05/2019;1.89
03/05/2019;1.91
06/05/2019;1.91
07/05/2019;1.87
08/05/2019;1.87
09/05/2019;1.85
10/05/2019;1.88
13/05/2019;1.85
14/05/2019;1.86
15/05/2019;1.83
16/05/2019;1.84
17/05/2019;1.81
20/05/2019;1.81
21/05/2019;1.83
22/05/2019;1.79
23/05/2019;1.73
24/05/2019;1.76
27/05/2019;
28/05/2019;1.73
29/05/2019;1.75
30/05/2019;1.74
31/05/2019;1.74
03/06/2019;1.73
04/06/2019;1.74
05/06/2019;1.75
06/06/2019;1.73
07/06/2019;1.74
10/06/2019;1.73
11/06/2019;1.72
12/06/2019;1.71
13/06/2019;1.68
14/06/2019;1.63
17/06/2019;1.61
18/06/2019;1.64
19/06/2019;1.67
20/06/2019;1.74
21/06/2019;1.73
24/06/2019;1.71
25/06/2019;1.67
26/06/2019;1.70
27/06/2019;1.68
28/06/2019;1.69
01/07/2019;1.69
02/07/2019;1.65
03/07/2019;1.65
04/07/2019;
05/07/2019;1.69
08/07/2019;1.70
09/07/2019;1.71
10/07/2019;1.74
11/07/2019;1.77
12/07/2019;1.77
15/07/2019;1.77
16/07/2019;1.80
17/07/2019;1.75
18/07/2019;1.79
19/07/2019;1.80
22/07/2019;1.79
23/07/2019;1.81
24/07/2019;1.79
25/07/2019;1.80
26/07/2019;1.78
29/07/2019;1.77
30/07/2019;1.78
31/07/2019;1.76
01/08/2019;1.70
02/08/2019;1.66
05/08/2019;1.60
06/08/2019;1.62
07/08/2019;1.62
08/08/2019;1.65
09/08/2019;1.66
12/08/2019;1.61
13/08/2019;1.63
14/08/2019;1.57
15/08/2019;1.54
16/08/2019;1.54
19/08/2019;1.56
20/08/2019;1.53
21/08/2019;1.54
22/08/2019;1.55
23/08/2019;1.54
26/08/2019;1.54
27/08/2019;1.55
28/08/2019;1.55
29/08/2019;1.59
30/08/2019;1.55
02/09/2019;
03/09/2019;1.50
04/09/2019;1.51
05/09/2019;1.56
06/09/2019;1.54
09/09/2019;1.57
10/09/2019;1.60
11/09/2019;1.60
12/09/2019;1.63
13/09/2019;1.67
16/09/2019;1.67
17/09/2019;1.66
18/09/2019;1.59
19/09/2019;1.61
20/09/2019;1.61
23/09/2019;1.61
24/09/2019;1.58
25/09/2019;1.60
26/09/2019;1.57
27/09/2019;1.53
30/09/2019;1.53
01/10/2019;1.52
02/10/2019;1.50
03/10/2019;1.48
04/10/2019;1.50
07/10/2019;1.51
08/10/2019;1.48
09/10/2019;1.49
10/10/2019;1.52
11/10/2019;1.56
14/10/2019;
15/10/2019;1.56
16/10/2019;1.57
17/10/2019;1.59
18/10/2019;1.60
21/10/2019;1.61
22/10/2019;1.61
23/10/2019;1.61
24/10/2019;1.62
25/10/2019;1.65
28/10/2019;1.64
29/10/2019;1.61
30/10/2019;1.57
31/10/2019;1.54
01/11/2019;1.59
04/11/2019;1.64
05/11/2019;1.68
06/11/2019;1.66
07/11/2019;1.69
08/11/2019;1.71
11/11/2019;
12/11/2019;1.70
13/11/2019;1.66
14/11/2019;1.62
15/11/2019;1.63
18/11/2019;1.63
19/11/2019;1.63
20/11/2019;1.60
21/11/2019;1.63
22/11/2019;1.62
25/11/2019;1.62
26/11/2019;1.62
27/11/2019;1.63
28/11/2019;
29/11/2019;1.61
02/12/2019;1.65
03/12/2019;1.63
04/12/2019;1.66
05/12/2019;1.67
06/12/2019;1.69
09/12/2019;1.69
10/12/2019;1.71
11/12/2019;1.69
12/12/2019;1.72
13/12/2019;1.70
16/12/2019;1.73
17/12/2019;1.75
18/12/2019;1.76
19/12/2019;1.77
20/12/2019;1.77
23/12/2019;1.75
24/12/2019;1.75
25/12/2019;
26/12/2019;1.74
27/12/2019;1.73
30/12/2019;1.75
31/12/2019;1.77
01/01/2020;
02/01/2020;1.80
03/01/2020;1.77
06/01/2020;1.75
07/01/2020;1.74
08/01/2020;1.75
09/01/2020;1.74
10/01/2020;1.76
13/01/2020;1.77
14/01/2020;1.77
15/01/2020;1.75
16/01/2020;1.74
17/01/2020;1.75
20/01/2020;
21/01/2020;1.74
22/01/2020;1.72
23/01/2020;1.70
24/01/2020;1.68
27/01/2020;1.63
28/01/2020;1.65
29/01/2020;1.64
30/01/2020;1.64
31/01/2020;1.65
03/02/2020;1.63
04/02/2020;1.64
05/02/2020;1.66
06/02/2020;1.67
07/02/2020;1.66
10/02/2020;1.66
11/02/2020;1.65
12/02/2020;1.66
13/02/2020;1.67
14/02/2020;1.66
17/02/2020;
18/02/2020;1.65
19/02/2020;1.65
20/02/2020;1.63
21/02/2020;1.61
24/02/2020;1.59
25/02/2020;1.53
26/02/2020;1.54
27/02/2020;1.53
28/02/2020;1.41
02/03/2020;1.41
03/03/2020;1.45
04/03/2020;1.46
05/03/2020;1.40
06/03/2020;1.31
09/03/2020;0.99
10/03/2020;1.00
11/03/2020;0.96
12/03/2020;0.92
13/03/2020;0.90
16/03/2020;0.73
17/03/2020;0.63
18/03/2020;0.63
19/03/2020;0.50
20/03/2020;0.75
23/03/2020;0.80
24/03/2020;0.97
25/03/2020;1.07
26/03/2020;1.07
27/03/2020;0.94
30/03/2020;0.95
31/03/2020;0.87
01/04/2020;0.91
02/04/2020;1.03
03/04/2020;1.08
06/04/2020;1.14
07/04/2020;1.17
08/04/2020;1.19
09/04/2020;1.23
10/04/2020;
13/04/2020;1.26
14/04/2020;1.29
15/04/2020;1.19
16/04/2020;1.03
17/04/2020;1.01
20/04/2020;0.94
21/04/2020;0.96
22/04/2020;1.06
23/04/2020;1.05
24/04/2020;1.11
27/04/2020;1.17
28/04/2020;1.14
29/04/2020;1.14
30/04/2020;1.07
01/05/2020;1.06
04/05/2020;1.07
05/05/2020;1.10
06/05/2020;1.10
07/05/2020;1.08
08/05/2020;1.12
11/05/2020;1.13
12/05/2020;1.09
13/05/2020;1.07
14/05/2020;1.06
15/05/2020;1.09
18/05/2020;1.17
19/05/2020;1.15
20/05/2020;1.16
21/05/2020;1.14
22/05/2020;1.12
25/05/2020;
26/05/2020;1.13
27/05/2020;1.14
28/05/2020;1.18
29/05/2020;1.15
01/06/2020;1.18
02/06/2020;1.18
03/06/2020;1.21
04/06/2020;1.22
05/06/2020;1.27
08/06/2020;1.28
09/06/2020;1.26
10/06/2020;1.27
11/06/2020;1.21
12/06/2020;1.21
15/06/2020;1.23
16/06/2020;1.27
17/06/2020;1.26
18/06/2020;1.28
19/06/2020;1.30
22/06/2020;1.34
23/06/2020;1.38
24/06/2020;1.33
25/06/2020;1.33
26/06/2020;1.32
29/06/2020;1.34
30/06/2020;1.34
01/07/2020;1.37
02/07/2020;1.41
03/07/2020;
06/07/2020;1.45
07/07/2020;1.43
08/07/2020;1.42
09/07/2020;1.39
10/07/2020;1.41
13/07/2020;1.42
14/07/2020;1.41
15/07/2020;1.41
16/07/2020;1.41
17/07/2020;1.46
20/07/2020;1.46
21/07/2020;1.48
22/07/2020;1.48
23/07/2020;1.49
24/07/2020;1.51
27/07/2020;1.52
28/07/2020;1.51
29/07/2020;1.53
30/07/2020;1.52
31/07/2020;1.55
03/08/2020;1.58
04/08/2020;1.57
05/08/2020;1.61
06/08/2020;1.63
07/08/2020;1.61
10/08/2020;1.61
11/08/2020;1.63
12/08/2020;1.67
13/08/2020;1.67
14/08/2020;1.65
17/08/2020;1.66
18/08/2020;1.68
19/08/2020;1.67
20/08/2020;1.62
21/08/2020;1.64
24/08/2020;1.67
25/08/2020;1.70
26/08/2020;1.72
27/08/2020;1.73
28/08/2020;1.77
31/08/2020;1.80
01/09/2020;1.76
02/09/2020;1.73
03/09/2020;1.65
04/09/2020;1.70
07/09/2020;
08/09/2020;1.68
09/09/2020;1.71
10/09/2020;1.69
11/09/2020;1.65
14/09/2020;1.65
15/09/2020;1.67
16/09/2020;1.68
17/09/2020;1.66
18/09/2020;1.67
21/09/2020;1.62
22/09/2020;1.62
23/09/2020;1.60
24/09/2020;1.58
25/09/2020;1.58
28/09/2020;1.61
29/09/2020;1.64
30/09/2020;1.63
01/10/2020;1.63
02/10/2020;1.64
05/10/2020;1.68
06/10/2020;1.66
07/10/2020;1.71
08/10/2020;1.72
09/10/2020;1.73
12/10/2020;
13/10/2020;1.70
14/10/2020;1.69
15/10/2020;1.69
16/10/2020;1.71
19/10/2020;1.71
20/10/2020;1.72
21/10/2020;1.74
22/10/2020;1.76
23/10/2020;1.75
26/10/2020;1.72
27/10/2020;1.71
28/10/2020;1.70
29/10/2020;1.71
30/10/2020;1.70
02/11/2020;1.71
03/11/2020;1.72
04/11/2020;1.64
05/11/2020;1.66
06/11/2020;1.65
09/11/2020;1.73
10/11/2020;1.76
11/11/2020;
12/11/2020;1.71
13/11/2020;1.72
16/11/2020;1.72
17/11/2020;1.70
18/11/2020;1.70
19/11/2020;1.70
20/11/2020;1.69
23/11/2020;1.71
24/11/2020;1.74
25/11/2020;1.75
26/11/2020;
27/11/2020;1.75
30/11/2020;1.77
01/12/2020;1.81
02/12/2020;1.85
03/12/2020;1.86
04/12/2020;1.89
07/12/2020;1.88
08/12/2020;1.89
09/12/2020;1.91
10/12/2020;1.88
11/12/2020;1.87
14/12/2020;1.88
15/12/2020;1.91
16/12/2020;1.92
17/12/2020;1.94
18/12/2020;1.95
21/12/2020;1.95
22/12/2020;1.94
23/12/2020;1.97
24/12/2020;1.97
25/12/2020;
28/12/2020;1.97
29/12/2020;1.96
30/12/2020;1.96
31/12/2020;1.99
01/01/2021;
04/01/2021;2.01
05/01/2021;2.03
06/01/2021;2.06
07/01/2021;2.09
08/01/2021;2.06
11/01/2021;2.06
12/01/2021;2.08
13/01/2021;2.06
14/01/2021;2.09
15/01/2021;2.10
18/01/2021;
19/01/2021;2.10
20/01/2021;2.12
21/01/2021;2.10
22/01/2021;2.09
25/01/2021;2.08
26/01/2021;2.08
27/01/2021;2.08
28/01/2021;2.13
29/01/2021;2.13
01/02/2021;2.11
02/02/2021;2.15
03/02/2021;2.19
04/02/2021;2.17
05/02/2021;2.21
08/02/2021;2.22
09/02/2021;2.22
10/02/2021;2.21
11/02/2021;2.20
12/02/2021;2.21
15/02/2021;
16/02/2021;2.24
17/02/2021;2.21
18/02/2021;2.16
19/02/2021;2.14
22/02/2021;2.16
23/02/2021;2.16
24/02/2021;2.17
25/02/2021;2.14
26/02/2021;2.15
01/03/2021;2.16
02/03/2021;2.20
03/03/2021;2.21
04/03/2021;2.20
05/03/2021;2.22
08/03/2021;2.21
09/03/2021;2.21
10/03/2021;2.26
11/03/2021;2.28
12/03/2021;2.26
15/03/2021;2.27
16/03/2021;2.30
17/03/2021;2.30
18/03/2021;2.27
19/03/2021;2.31
22/03/2021;2.33
23/03/2021;2.29
24/03/2021;2.31
25/03/2021;2.32
26/03/2021;2.34
29/03/2021;2.36
30/03/2021;2.35
31/03/2021;2.37
01/04/2021;2.35
02/04/2021;2.36
05/04/2021;2.35
06/04/2021;2.32
07/04/2021;2.34
08/04/2021;2.33
09/04/2021;2.31
12/04/2021;2.33
13/04/2021;2.33
14/04/2021;2.33
15/04/2021;2.33
16/04/2021;2.36
19/04/2021;2.34
20/04/2021;2.32
21/04/2021;2.33
22/04/2021;2.33
23/04/2021;2.34
26/04/2021;2.36
27/04/2021;2.39
28/04/2021;2.41
29/04/2021;2.42
30/04/2021;2.41
03/05/2021;2.42
04/05/2021;2.42
05/05/2021;2.47
06/05/2021;2.45
07/05/2021;2.49
10/05/2021;2.54
11/05/2021;2.53
12/05/2021;2.54
13/05/2021;2.51
14/05/2021;2.51
17/05/2021;2.54
18/05/2021;2.52
19/05/2021;2.48
20/05/2021;2.41
21/05/2021;2.43
24/05/2021;2.44
25/05/2021;2.42
26/05/2021;2.40
27/05/2021;2.42
28/05/2021;2.42
31/05/2021;
01/06/2021;2.46
02/06/2021;2.44
03/06/2021;2.42
04/06/2021;2.40
07/06/2021;2.39
08/06/2021;2.36
09/06/2021;2.32
10/06/2021;2.35
11/06/2021;2.32
14/06/2021;2.36
15/06/2021;2.38
16/06/2021;2.32
17/06/2021;2.27
18/06/2021;2.24
21/06/2021;2.25
22/06/2021;2.31
23/06/2021;2.34
24/06/2021;2.30
25/06/2021;2.34
28/06/2021;2.33
29/06/2021;2.32
30/06/2021;2.32
01/07/2021;2.35
02/07/2021;2.33
05/07/2021;
06/07/2021;2.31
07/07/2021;2.28
08/07/2021;2.22
09/07/2021;2.28
12/07/2021;2.33
13/07/2021;2.36
14/07/2021;2.34
15/07/2021;2.32
16/07/2021;2.33
19/07/2021;2.24
20/07/2021;2.26
21/07/2021;2.28
22/07/2021;2.28
23/07/2021;2.35
26/07/2021;2.40
27/07/2021;2.38
28/07/2021;2.41
29/07/2021;2.43
30/07/2021;2.40
02/08/2021;2.37
03/08/2021;2.38
04/08/2021;2.35
05/08/2021;2.33
06/08/2021;2.37
09/08/2021;2.37
10/08/2021;2.40
11/08/2021;2.42
12/08/2021;2.41
13/08/2021;2.37
16/08/2021;2.36
17/08/2021;2.33
18/08/2021;2.32
19/08/2021;2.28
20/08/2021;2.27
23/08/2021;2.27
24/08/2021;2.30
25/08/2021;2.35
26/08/2021;2.33
27/08/2021;2.39
30/08/2021;2.37
31/08/2021;2.33
01/09/2021;2.34
02/09/2021;2.32
03/09/2021;2.34
06/09/2021;
07/09/2021;2.36
08/09/2021;2.38
09/09/2021;2.38
10/09/2021;2.40
13/09/2021;2.37
14/09/2021;2.33
15/09/2021;2.35
16/09/2021;2.35
17/09/2021;2.33
20/09/2021;2.29
21/09/2021;2.29
22/09/2021;2.28
23/09/2021;2.31
24/09/2021;2.34
27/09/2021;2.35
28/09/2021;2.38
29/09/2021;2.37
30/09/2021;2.37
01/10/2021;2.38
04/10/2021;2.38
05/10/2021;2.45
06/10/2021;2.43
07/10/2021;2.46
08/10/2021;2.50
11/10/2021;
12/10/2021;2.49
13/10/2021;2.52
14/10/2021;2.52
15/10/2021;2.56
18/10/2021;2.54
19/10/2021;2.54
20/10/2021;2.57
21/10/2021;2.64
22/10/2021;2.64
25/10/2021;2.66
26/10/2021;2.69
27/10/2021;2.65
28/10/2021;2.57
29/10/2021;2.51
01/11/2021;2.50
02/11/2021;2.51
03/11/2021;2.53
04/11/2021;2.56
05/11/2021;2.54
08/11/2021;2.62
09/11/2021;2.63
10/11/2021;2.70
11/11/2021;
12/11/2021;2.73
15/11/2021;2.76
16/11/2021;2.73
17/11/2021;2.70
18/11/2021;2.73
19/11/2021;2.65
22/11/2021;2.61
23/11/2021;2.62
24/11/2021;2.61
25/11/2021;
26/11/2021;2.55
29/11/2021;2.54
30/11/2021;2.50
01/12/2021;2.44
02/12/2021;2.47
03/12/2021;2.43
06/12/2021;2.44
07/12/2021;2.47
08/12/2021;2.52
09/12/2021;2.47
10/12/2021;2.44
13/12/2021;2.40
14/12/2021;2.37
15/12/2021;2.39
16/12/2021;2.42
17/12/2021;2.38
20/12/2021;2.39
21/12/2021;2.44
22/12/2021;2.47
23/12/2021;2.47
24/12/2021;
27/12/2021;2.50
28/12/2021;2.50
29/12/2021;2.53
30/12/2021;2.58
31/12/2021;2.56
03/01/2022;2.60
04/01/2022;2.57
05/01/2022;2.53
06/01/2022;2.46
07/01/2022;2.48
10/01/2022;2.48
11/01/2022;2.54
12/01/2022;2.48
13/01/2022;2.43
14/01/2022;2.44
17/01/2022;
18/01/2022;2.46
19/01/2022;2.40
20/01/2022;2.33
21/01/2022;2.34
24/01/2022;2.38
25/01/2022;2.41
26/01/2022;2.38
27/01/2022;2.40
28/01/2022;2.44
31/01/2022;2.44
01/02/2022;2.43
02/02/2022;2.41
03/02/2022;2.38
04/02/2022;2.41
07/02/2022;2.40
08/02/2022;2.42
09/02/2022;2.42
10/02/2022;2.45
11/02/2022;2.43
14/02/2022;2.48
15/02/2022;2.48
16/02/2022;2.46
17/02/2022;2.43
18/02/2022;2.41
21/02/2022;
22/02/2022;2.45
23/02/2022;2.53
24/02/2022;2.55
25/02/2022;2.54
28/02/2022;2.62
01/03/2022;2.62
02/03/2022;2.71
03/03/2022;2.69
04/03/2022;2.67
07/03/2022;2.77
08/03/2022;2.90
09/03/2022;2.84
10/03/2022;2.86
11/03/2022;2.94
14/03/2022;2.93
15/03/2022;2.84
16/03/2022;2.80
17/03/2022;2.91
18/03/2022;2.86
21/03/2022;2.90
22/03/2022;2.91
23/03/2022;2.94
24/03/2022;2.92
25/03/2022;2.95
28/03/2022;2.95
29/03/2022;2.86
30/03/2022;2.86
31/03/2022;2.84
01/04/2022;2.80
04/04/2022;2.80
05/04/2022;2.84
06/04/2022;2.83
07/04/2022;2.82
08/04/2022;2.87
11/04/2022;2.91
12/04/2022;2.86
13/04/2022;2.80
14/04/2022;2.89
15/04/2022;
18/04/2022;2.92
19/04/2022;2.93
20/04/2022;2.92
21/04/2022;3.02
22/04/2022;2.98
25/04/2022;2.91
26/04/2022;2.85
27/04/2022;2.88
28/04/2022;2.97
29/04/2022;2.88
02/05/2022;2.81
03/05/2022;2.83
04/05/2022;2.86
05/05/2022;2.87
06/05/2022;2.86
09/05/2022;2.75
10/05/2022;2.65
11/05/2022;2.70
12/05/2022;2.59
13/05/2022;2.69
16/05/2022;2.68
17/05/2022;2.71
18/05/2022;2.72
19/05/2022;2.59
20/05/2022;2.55
23/05/2022;2.60
24/05/2022;2.55
25/05/2022;2.56
26/05/2022;2.62
27/05/2022;2.63
30/05/2022;
31/05/2022;2.64
01/06/2022;2.65
02/06/2022;2.66
03/06/2022;2.74
06/06/2022;2.76
07/06/2022;2.73
08/06/2022;2.75
09/06/2022;2.75
10/06/2022;2.76
13/06/2022;2.74
14/06/2022;2.60
15/06/2022;2.70
16/06/2022;2.62
17/06/2022;2.58
20/06/2022;
21/06/2022;2.61
22/06/2022;2.54
23/06/2022;2.50
24/06/2022;2.56
27/06/2022;2.55
28/06/2022;2.48
29/06/2022;2.36
30/06/2022;2.33
01/07/2022;2.34
04/07/2022;
05/07/2022;2.30
06/07/2022;2.29
07/07/2022;2.33
08/07/2022;2.37
11/07/2022;2.32
12/07/2022;2.32
13/07/2022;2.31
14/07/2022;2.34
15/07/2022;2.36
18/07/2022;2.37
19/07/2022;2.39
20/07/2022;2.38
21/07/2022;2.33
22/07/2022;2.34
25/07/2022;2.36
26/07/2022;2.36
27/07/2022;2.42
28/07/2022;2.48
29/07/2022;2.53
01/08/2022;2.51
02/08/2022;2.48
03/08/2022;2.50
04/08/2022;2.46
05/08/2022;2.46
08/08/2022;2.48
09/08/2022;2.47
10/08/2022;2.43
11/08/2022;2.47
12/08/2022;2.47
15/08/2022;2.44
16/08/2022;2.44
17/08/2022;2.46
18/08/2022;2.52
19/08/2022;2.55
22/08/2022;2.57
23/08/2022;2.58
24/08/2022;2.62
25/08/2022;2.60
26/08/2022;2.57
29/08/2022;2.58
30/08/2022;2.55
31/08/2022;2.48
01/09/2022;2.45
02/09/2022;2.47
05/09/2022;
06/09/2022;2.48
07/09/2022;2.45
08/09/2022;2.41
09/09/2022;2.42
12/09/2022;2.42
13/09/2022;2.44
14/09/2022;2.46
15/09/2022;2.43
16/09/2022;2.38
19/09/2022;2.34
20/09/2022;2.40
21/09/2022;2.38
22/09/2022;2.41
23/09/2022;2.37
26/09/2022;2.32
27/09/2022;2.33
28/09/2022;2.33
29/09/2022;2.19
30/09/2022;2.15
03/10/2022;2.24
04/10/2022;2.24
05/10/2022;2.22
06/10/2022;2.22
07/10/2022;2.27
10/10/2022;
11/10/2022;2.31
12/10/2022;2.29
13/10/2022;2.34
14/10/2022;2.41
17/10/2022;2.45
18/10/2022;2.41
19/10/2022;2.42
20/10/2022;2.51
21/10/2022;2.52
24/10/2022;2.59
25/10/2022;2.51
26/10/2022;2.44
27/10/2022;2.45
28/10/2022;2.51
31/10/2022;2.52
01/11/2022;2.51
02/11/2022;2.53
03/11/2022;2.40
04/11/2022;2.48
07/11/2022;2.53
08/11/2022;2.50
09/11/2022;2.42
10/11/2022;2.39
11/11/2022;
14/11/2022;2.37
15/11/2022;2.35
16/11/2022;2.29
17/11/2022;2.28
18/11/2022;2.25
21/11/2022;2.31
22/11/2022;2.32
23/11/2022;2.32
24/11/2022;
25/11/2022;2.32
28/11/2022;2.26
29/11/2022;2.25
30/11/2022;2.34
01/12/2022;2.36
02/12/2022;2.43
05/12/2022;2.39
06/12/2022;2.31
07/12/2022;2.26
08/12/2022;2.28
09/12/2022;2.26
12/12/2022;2.28
13/12/2022;2.24
14/12/2022;2.19
15/12/2022;2.16
16/12/2022;2.13
19/12/2022;2.15
20/12/2022;2.24
21/12/2022;2.27
22/12/2022;2.19
23/12/2022;2.20
26/12/2022;
27/12/2022;2.26
28/12/2022;2.28
29/12/2022;2.27
30/12/2022;2.30
02/01/2023;
03/01/2023;2.26
04/01/2023;2.22
05/01/2023;2.22
06/01/2023;2.21
09/01/2023;2.22
10/01/2023;2.24
11/01/2023;2.23
12/01/2023;2.21
13/01/2023;2.18
16/01/2023;
17/01/2023;2.17
18/01/2023;2.12
19/01/2023;2.20
20/01/2023;2.23
23/01/2023;2.28
24/01/2023;2.27
25/01/2023;2.29
26/01/2023;2.33
27/01/2023;2.33
30/01/2023;2.29
31/01/2023;2.24
01/02/2023;2.25
02/02/2023;2.22
03/02/2023;2.22
06/02/2023;2.25
07/02/2023;2.31
08/02/2023;2.34
09/02/2023;2.33
10/02/2023;2.33
13/02/2023;2.31
14/02/2023;2.31
15/02/2023;2.35
16/02/2023;2.37
17/02/2023;2.36
20/02/2023;
21/02/2023;2.42
22/02/2023;2.41
23/02/2023;2.39
24/02/2023;2.38
27/02/2023;2.36
28/02/2023;2.43
01/03/2023;2.44
02/03/2023;2.48
03/03/2023;2.52
06/03/2023;2.49
07/03/2023;2.38
08/03/2023;2.32
09/03/2023;2.30
10/03/2023;2.26
13/03/2023;2.24
14/03/2023;2.31
15/03/2023;2.29
16/03/2023;2.22
17/03/2023;2.10
20/03/2023;2.14
21/03/2023;2.23
22/03/2023;2.28
23/03/2023;2.19
24/03/2023;2.22
27/03/2023;2.24
28/03/2023;2.31
29/03/2023;2.33
30/03/2023;2.34
31/03/2023;2.32
03/04/2023;2.29
04/04/2023;2.25
05/04/2023;2.23
06/04/2023;2.24
07/04/2023;2.25
10/04/2023;2.27
11/04/2023;2.29
12/04/2023;2.27
13/04/2023;2.29
14/04/2023;2.30
17/04/2023;2.32
18/04/2023;2.28
19/04/2023;2.28
20/04/2023;2.26
21/04/2023;2.28
24/04/2023;2.28
25/04/2023;2.25
26/04/2023;2.25
27/04/2023;2.27
28/04/2023;2.18
01/05/2023;2.23
02/05/2023;2.20
03/05/2023;2.20
04/05/2023;2.19
05/05/2023;2.21
08/05/2023;2.23
09/05/2023;2.23
10/05/2023;2.17
11/05/2023;2.16
12/05/2023;2.18
15/05/2023;2.19
16/05/2023;2.19
17/05/2023;2.22
18/05/2023;2.23
19/05/2023;2.24
22/05/2023;2.24
23/05/2023;2.26
24/05/2023;2.25
25/05/2023;2.25
26/05/2023;2.23
29/05/2023;
30/05/2023;2.22
31/05/2023;2.18
01/06/2023;2.16
02/06/2023;2.18
05/06/2023;2.19
06/06/2023;2.20
07/06/2023;2.21
08/06/2023;2.20
09/06/2023;2.20
12/06/2023;2.17
13/06/2023;2.20
14/06/2023;2.21
15/06/2023;2.21
16/06/2023;2.22
19/06/2023;
20/06/2023;2.22
21/06/2023;2.21
22/06/2023;2.24
23/06/2023;2.21
26/06/2023;2.18
27/06/2023;2.20
28/06/2023;2.18
29/06/2023;2.20
30/06/2023;2.22
03/07/2023;2.25
04/07/2023;
05/07/2023;2.26
06/07/2023;2.27
07/07/2023;2.27
10/07/2023;2.25
11/07/2023;2.24
12/07/2023;2.26
13/07/2023;2.24
14/07/2023;2.24
17/07/2023;2.25
18/07/2023;2.23
19/07/2023;2.22
20/07/2023;2.35
21/07/2023;2.35
24/07/2023;2.38
25/07/2023;2.39
26/07/2023;2.36
27/07/2023;2.37
28/07/2023;2.38
31/07/2023;2.37
01/08/2023;2.37
02/08/2023;2.36
03/08/2023;2.37
04/08/2023;2.38
07/08/2023;2.41
08/08/2023;2.36
09/08/2023;2.34
10/08/2023;2.33
11/08/2023;2.36
14/08/2023;2.36
15/08/2023;2.32
16/08/2023;2.32
17/08/2023;2.33
18/08/2023;2.32
21/08/2023;2.34
22/08/2023;2.35
23/08/2023;2.35
24/08/2023;2.32
25/08/2023;2.33
28/08/2023;2.30
29/08/2023;2.29
30/08/2023;2.26
31/08/2023;2.24
01/09/2023;2.26
04/09/2023;
05/09/2023;2.29
06/09/2023;2.30
07/09/2023;2.32
08/09/2023;2.33
11/09/2023;2.35
12/09/2023;2.34
13/09/2023;2.35
14/09/2023;2.34
15/09/2023;2.35
18/09/2023;2.36
19/09/2023;2.37
20/09/2023;2.35
21/09/2023;2.38
22/09/2023;2.37
25/09/2023;2.37
26/09/2023;2.33
27/09/2023;2.34
28/09/2023;2.39
29/09/2023;2.35
02/10/2023;2.35
03/10/2023;2.36
04/10/2023;2.33
05/10/2023;2.31
06/10/2023;2.31
09/10/2023;
10/10/2023;2.32
11/10/2023;2.32
12/10/2023;2.34
13/10/2023;2.34
16/10/2023;2.38
17/10/2023;2.41
18/10/2023;2.44
19/10/2023;2.49
20/10/2023;2.47
23/10/2023;2.41
24/10/2023;2.40
25/10/2023;2.43
26/10/2023;2.42
27/10/2023;2.42
30/10/2023;2.44
31/10/2023;2.42
01/11/2023;2.41
02/11/2023;2.40
03/11/2023;2.39
06/11/2023;2.42
07/11/2023;2.39
08/11/2023;2.34
09/11/2023;2.33
10/11/2023;2.32
13/11/2023;2.31
14/11/2023;2.28
15/11/2023;2.31
16/11/2023;2.27
17/11/2023;2.28
20/11/2023;2.30
21/11/2023;2.25
22/11/2023;2.26
23/11/2023;
24/11/2023;2.26
27/11/2023;2.21
28/11/2023;2.22
29/11/2023;2.21
30/11/2023;2.23
01/12/2023;2.22
04/12/2023;2.21
05/12/2023;2.17
06/12/2023;2.14
07/12/2023;2.17
08/12/2023;2.21
11/12/2023;2.19
12/12/2023;2.16
13/12/2023;2.16
14/12/2023;2.22
15/12/2023;2.22
18/12/2023;2.21
19/12/2023;2.19
20/12/2023;2.19
21/12/2023;2.19
22/12/2023;2.19
25/12/2023;
26/12/2023;2.18
27/12/2023;2.15
28/12/2023;2.16
29/12/2023;2.16
01/01/2024;
02/01/2024;2.21
03/01/2024;2.20
04/01/2024;2.22
05/01/2024;2.22
08/01/2024;2.22
09/01/2024;2.22
10/01/2024;2.22
11/01/2024;2.22
12/01/2024;2.27
15/01/2024;
16/01/2024;2.30
17/01/2024;2.30
18/01/2024;2.34
19/01/2024;2.34
22/01/2024;2.31
23/01/2024;2.29
24/01/2024;2.30
25/01/2024;2.29
26/01/2024;2.30
29/01/2024;2.30
30/01/2024;2.26
31/01/2024;2.26
01/02/2024;2.19
02/02/2024;2.21
05/02/2024;2.27
06/02/2024;2.24
07/02/2024;2.23
08/02/2024;2.24
09/02/2024;2.25
12/02/2024;2.24
13/02/2024;2.29
14/02/2024;2.30
15/02/2024;2.30
16/02/2024;2.33
19/02/2024;
20/02/2024;2.32
21/02/2024;2.34
22/02/2024;2.31
23/02/2024;2.30
26/02/2024;2.31
27/02/2024;2.32
28/02/2024;2.33
29/02/2024;2.33
01/03/2024;2.32
04/03/2024;2.34
05/03/2024;2.32
06/03/2024;2.30
07/03/2024;2.28
08/03/2024;2.28
11/03/2024;2.27
12/03/2024;2.30
13/03/2024;2.30
14/03/2024;2.30
15/03/2024;2.32
18/03/2024;2.31
19/03/2024;2.30
20/03/2024;2.31
21/03/2024;2.34
22/03/2024;2.35
25/03/2024;2.33
26/03/2024;2.32
27/03/2024;2.32
28/03/2024;2.32
29/03/2024;
01/04/2024;2.35
02/04/2024;2.36
03/04/2024;2.36
04/04/2024;2.34
05/04/2024;2.37
08/04/2024;2.38
09/04/2024;2.36
10/04/2024;2.40
11/04/2024;2.40
12/04/2024;2.39
15/04/2024;2.43
16/04/2024;2.43
17/04/2024;2.39
18/04/2024;2.40
19/04/2024;2.41
22/04/2024;2.41
23/04/2024;2.41
24/04/2024;2.41
25/04/2024;2.42
26/04/2024;2.43
29/04/2024;2.41
30/04/2024;2.41
01/05/2024;2.38
02/05/2024;2.37
03/05/2024;2.35
06/05/2024;2.35
07/05/2024;2.32
08/05/2024;2.31
09/05/2024;2.32
10/05/2024;2.34
13/05/2024;2.33
14/05/2024;2.33
15/05/2024;2.31
16/05/2024;2.31
17/05/2024;2.32
20/05/2024;2.33
21/05/2024;2.32
22/05/2024;2.33
23/05/2024;2.30
24/05/2024;2.32
27/05/2024;
28/05/2024;2.34
29/05/2024;2.36
30/05/2024;2.36
31/05/2024;2.35
03/06/2024;2.33
04/06/2024;2.31
05/06/2024;2.30
06/06/2024;2.28
07/06/2024;2.30
10/06/2024;2.31
11/06/2024;2.27
12/06/2024;2.22
13/06/2024;2.21
14/06/2024;2.17
17/06/2024;2.22
18/06/2024;2.21
19/06/2024;
20/06/2024;2.25
21/06/2024;2.23
24/06/2024;2.22
25/06/2024;2.22
26/06/2024;2.26
27/06/2024;2.26
28/06/2024;2.28
01/07/2024;2.32
02/07/2024;2.30
03/07/2024;2.27
04/07/2024;
05/07/2024;2.28
08/07/2024;2.27
09/07/2024;2.26
10/07/2024;2.27
11/07/2024;2.25
12/07/2024;2.24
15/07/2024;2.27
16/07/2024;2.26
17/07/2024;2.26
18/07/2024;2.31
19/07/2024;2.32
22/07/2024;2.30
23/07/2024;2.29
24/07/2024;2.28
25/07/2024;2.28
26/07/2024;2.27
29/07/2024;2.25
30/07/2024;2.25
31/07/2024;2.24
01/08/2024;2.20
02/08/2024;2.04
05/08/2024;2.07
06/08/2024;2.12
07/08/2024;2.11
08/08/2024;2.12
09/08/2024;2.10
12/08/2024;2.11
13/08/2024;2.09
14/08/2024;2.06
15/08/2024;2.12
16/08/2024;2.08
19/08/2024;2.07
20/08/2024;2.07
21/08/2024;2.07
22/08/2024;2.10
23/08/2024;2.13
26/08/2024;2.15
27/08/2024;2.15
28/08/2024;2.15
29/08/2024;2.16
30/08/2024;2.15
02/09/2024;
03/09/2024;2.11
04/09/2024;2.07
05/09/2024;2.03
06/09/2024;2.03
09/09/2024;2.04
10/09/2024;2.02
11/09/2024;2.04
12/09/2024;2.05
13/09/2024;2.08
16/09/2024;2.09
17/09/2024;2.12
18/09/2024;2.12
19/09/2024;2.17
20/09/2024;2.15
23/09/2024;2.17
24/09/2024;2.19
25/09/2024;2.18
26/09/2024;2.16
27/09/2024;2.15
30/09/2024;2.18
01/10/2024;2.19
02/10/2024;2.21
03/10/2024;2.21
04/10/2024;2.23
07/10/2024;2.27
08/10/2024;2.27
09/10/2024;2.29
10/10/2024;2.33
11/10/2024;2.33
14/10/2024;
15/10/2024;2.28
16/10/2024;2.27
17/10/2024;2.30
18/10/2024;2.31
21/10/2024;2.31
22/10/2024;2.33
23/10/2024;2.31
24/10/2024;2.30
25/10/2024;2.29
28/10/2024;2.29
29/10/2024;2.30
30/10/2024;2.34
31/10/2024;2.33
01/11/2024;2.33
04/11/2024;2.28
05/11/2024;2.27
06/11/2024;2.38
07/11/2024;2.33
08/11/2024;2.35
11/11/2024;
12/11/2024;2.35
13/11/2024;2.35
14/11/2024;2.33
15/11/2024;2.33
18/11/2024;2.34
19/11/2024;2.34
20/11/2024;2.35
21/11/2024;2.34
22/11/2024;2.34
25/11/2024;2.29
26/11/2024;2.28
27/11/2024;2.26
28/11/2024;
29/11/2024;2.26
02/12/2024;2.26
03/12/2024;2.28
04/12/2024;2.29
05/12/2024;2.25
06/12/2024;2.24
09/12/2024;2.27
10/12/2024;2.29
11/12/2024;2.30
12/12/2024;2.32
13/12/2024;2.33
16/12/2024;2.32
17/12/2024;2.31
18/12/2024;2.32
19/12/2024;2.29
20/12/2024;2.29
23/12/2024;2.32
24/12/2024;2.35
25/12/2024;
26/12/2024;2.35
27/12/2024;2.34
30/12/2024;2.31
31/12/2024;2.34
01/01/2025;
02/01/2025;2.34
03/01/2025;2.34
06/01/2025;2.34
07/01/2025;2.38
08/01/2025;2.40
09/01/2025;2.39
10/01/2025;2.43
13/01/2025;2.45
14/01/2025;2.44
15/01/2025;2.42
16/01/2025;2.42
17/01/2025;2.41
20/01/2025;
21/01/2025;2.38
22/01/2025;2.40
23/01/2025;2.42
24/01/2025;2.43
27/01/2025;2.40
28/01/2025;2.42
29/01/2025;2.40
30/01/2025;2.38
31/01/2025;2.42
03/02/2025;2.45
04/02/2025;2.44
05/02/2025;2.42
06/02/2025;2.42
07/02/2025;2.42
10/02/2025;2.44
11/02/2025;2.46
12/02/2025;2.46
13/02/2025;2.44
14/02/2025;2.43
17/02/2025;
18/02/2025;2.45
19/02/2025;2.45
20/02/2025;2.45
21/02/2025;2.42
24/02/2025;2.42
25/02/2025;2.38
26/02/2025;2.36
27/02/2025;2.37
28/02/2025;2.38
03/03/2025;2.36
04/03/2025;2.35
05/03/2025;2.34
06/03/2025;2.34
07/03/2025;2.33
