observation_date;T10Y2Y
02/01/2003;2.27
03/01/2003;2.26
06/01/2003;2.25
07/01/2003;2.27
08/01/2003;2.29
09/01/2003;2.32
10/01/2003;2.37
13/01/2003;2.34
14/01/2003;2.34
15/01/2003;2.35
16/01/2003;2.35
17/01/2003;2.35
20/01/2003;
21/01/2003;2.34
22/01/2003;2.29
23/01/2003;2.29
24/01/2003;2.28
27/01/2003;2.28
28/01/2003;2.30
29/01/2003;2.29
30/01/2003;2.30
31/01/2003;2.28
03/02/2003;2.29
04/02/2003;2.28
05/02/2003;2.29
06/02/2003;2.29
07/02/2003;2.33
10/02/2003;2.31
11/02/2003;2.33
12/02/2003;2.31
13/02/2003;2.32
14/02/2003;2.33
17/02/2003;
18/02/2003;2.28
19/02/2003;2.27
20/02/2003;2.26
21/02/2003;2.27
24/02/2003;2.26
25/02/2003;2.23
26/02/2003;2.21
27/02/2003;2.18
28/02/2003;2.18
03/03/2003;2.16
04/03/2003;2.16
05/03/2003;2.17
06/03/2003;2.20
07/03/2003;2.24
10/03/2003;2.24
11/03/2003;2.22
12/03/2003;2.15
13/03/2003;2.15
14/03/2003;2.16
17/03/2003;2.19
18/03/2003;2.19
19/03/2003;2.26
20/03/2003;2.26
21/03/2003;2.31
24/03/2003;2.27
25/03/2003;2.28
26/03/2003;2.28
27/03/2003;2.33
28/03/2003;2.36
31/03/2003;2.32
01/04/2003;2.34
02/04/2003;2.34
03/04/2003;2.38
04/04/2003;2.41
07/04/2003;2.38
08/04/2003;2.36
09/04/2003;2.38
10/04/2003;2.35
11/04/2003;2.35
14/04/2003;2.30
15/04/2003;2.29
16/04/2003;2.29
17/04/2003;2.27
18/04/2003;
21/04/2003;2.29
22/04/2003;2.31
23/04/2003;2.32
24/04/2003;2.31
25/04/2003;2.34
28/04/2003;2.33
29/04/2003;2.34
30/04/2003;2.38
01/05/2003;2.38
02/05/2003;2.38
05/05/2003;2.37
06/05/2003;2.39
07/05/2003;2.27
08/05/2003;2.21
09/05/2003;2.24
12/05/2003;2.18
13/05/2003;2.16
14/05/2003;2.12
15/05/2003;2.07
16/05/2003;2.08
19/05/2003;2.11
20/05/2003;2.07
21/05/2003;2.01
22/05/2003;1.98
23/05/2003;1.96
26/05/2003;
27/05/2003;2.08
28/05/2003;2.09
29/05/2003;2.04
30/05/2003;2.04
02/06/2003;2.10
03/06/2003;2.14
04/06/2003;2.10
05/06/2003;2.09
06/06/2003;2.10
09/06/2003;2.10
10/06/2003;2.07
11/06/2003;2.05
12/06/2003;2.05
13/06/2003;2.03
16/06/2003;2.00
17/06/2003;2.02
18/06/2003;2.10
19/06/2003;2.18
20/06/2003;2.18
23/06/2003;2.15
24/06/2003;2.15
25/06/2003;2.08
26/06/2003;2.14
27/06/2003;2.20
30/06/2003;2.22
01/07/2003;2.26
02/07/2003;2.26
03/07/2003;2.35
04/07/2003;
07/07/2003;2.38
08/07/2003;2.36
09/07/2003;2.36
10/07/2003;2.37
11/07/2003;2.37
14/07/2003;2.39
15/07/2003;2.49
16/07/2003;2.48
17/07/2003;2.51
18/07/2003;2.49
21/07/2003;2.58
22/07/2003;2.60
23/07/2003;2.58
24/07/2003;2.66
25/07/2003;2.70
28/07/2003;2.70
29/07/2003;2.75
30/07/2003;2.70
31/07/2003;2.69
01/08/2003;2.59
04/08/2003;2.64
05/08/2003;2.59
06/08/2003;2.54
07/08/2003;2.56
08/08/2003;2.55
11/08/2003;2.57
12/08/2003;2.66
13/08/2003;2.72
14/08/2003;2.69
15/08/2003;2.70
18/08/2003;2.62
19/08/2003;2.57
20/08/2003;2.61
21/08/2003;2.55
22/08/2003;2.51
25/08/2003;2.51
26/08/2003;2.54
27/08/2003;2.49
28/08/2003;2.49
29/08/2003;2.50
01/09/2003;
02/09/2003;2.57
03/09/2003;2.58
04/09/2003;2.61
05/09/2003;2.63
08/09/2003;2.66
09/09/2003;2.66
10/09/2003;2.64
11/09/2003;2.64
12/09/2003;2.61
15/09/2003;2.65
16/09/2003;2.66
17/09/2003;2.57
18/09/2003;2.51
19/09/2003;2.47
22/09/2003;2.56
23/09/2003;2.56
24/09/2003;2.50
25/09/2003;2.47
26/09/2003;2.44
29/09/2003;2.48
30/09/2003;2.46
01/10/2003;2.49
02/10/2003;2.55
03/10/2003;2.56
06/10/2003;2.57
07/10/2003;2.60
08/10/2003;2.62
09/10/2003;2.63
10/10/2003;2.64
13/10/2003;
14/10/2003;2.64
15/10/2003;2.64
16/10/2003;2.51
17/10/2003;2.51
20/10/2003;2.53
21/10/2003;2.49
22/10/2003;2.49
23/10/2003;2.50
24/10/2003;2.48
27/10/2003;2.47
28/10/2003;2.52
29/10/2003;2.52
30/10/2003;2.50
31/10/2003;2.48
03/11/2003;2.50
04/11/2003;2.47
05/11/2003;2.44
06/11/2003;2.44
07/11/2003;2.44
10/11/2003;2.43
11/11/2003;
12/11/2003;2.39
13/11/2003;2.38
14/11/2003;2.38
17/11/2003;2.38
18/11/2003;2.34
19/11/2003;2.34
20/11/2003;2.33
21/11/2003;2.31
24/11/2003;2.29
25/11/2003;2.30
26/11/2003;2.28
27/11/2003;
28/11/2003;2.28
01/12/2003;2.28
02/12/2003;2.31
03/12/2003;2.32
04/12/2003;2.32
05/12/2003;2.35
08/12/2003;2.35
09/12/2003;2.35
10/12/2003;2.36
11/12/2003;2.44
12/12/2003;2.42
15/12/2003;2.40
16/12/2003;2.41
17/12/2003;2.36
18/12/2003;2.31
19/12/2003;2.33
22/12/2003;2.34
23/12/2003;2.32
24/12/2003;2.37
25/12/2003;
26/12/2003;2.35
29/12/2003;2.38
30/12/2003;2.43
31/12/2003;2.43
01/01/2004;
02/01/2004;2.44
05/01/2004;2.46
06/01/2004;2.45
07/01/2004;2.43
08/01/2004;2.42
09/01/2004;2.43
12/01/2004;2.43
13/01/2004;2.42
14/01/2004;2.36
15/01/2004;2.32
16/01/2004;2.34
19/01/2004;
20/01/2004;2.39
21/01/2004;2.36
22/01/2004;2.33
23/01/2004;2.38
26/01/2004;2.41
27/01/2004;2.41
28/01/2004;2.35
29/01/2004;2.34
30/01/2004;2.32
02/02/2004;2.35
03/02/2004;2.35
04/02/2004;2.35
05/02/2004;2.35
06/02/2004;2.35
09/02/2004;2.33
10/02/2004;2.31
11/02/2004;2.32
12/02/2004;2.35
13/02/2004;2.35
16/02/2004;
17/02/2004;2.35
18/02/2004;2.33
19/02/2004;2.35
20/02/2004;2.35
23/02/2004;2.36
24/02/2004;2.35
25/02/2004;2.35
26/02/2004;2.36
27/02/2004;2.33
01/03/2004;2.33
02/03/2004;2.31
03/03/2004;2.33
04/03/2004;2.31
05/03/2004;2.28
08/03/2004;2.26
09/03/2004;2.22
10/03/2004;2.20
11/03/2004;2.22
12/03/2004;2.24
15/03/2004;2.22
16/03/2004;2.19
17/03/2004;2.18
18/03/2004;2.21
19/03/2004;2.24
22/03/2004;2.22
23/03/2004;2.21
24/03/2004;2.23
25/03/2004;2.24
26/03/2004;2.26
29/03/2004;2.28
30/03/2004;2.28
31/03/2004;2.26
01/04/2004;2.26
02/04/2004;2.29
05/04/2004;2.33
06/04/2004;2.33
07/04/2004;2.32
08/04/2004;2.33
09/04/2004;
12/04/2004;2.34
13/04/2004;2.34
14/04/2004;2.27
15/04/2004;2.32
16/04/2004;2.34
19/04/2004;2.32
20/04/2004;2.32
21/04/2004;2.23
22/04/2004;2.25
23/04/2004;2.19
26/04/2004;2.18
27/04/2004;2.22
28/04/2004;2.20
29/04/2004;2.21
30/04/2004;2.22
03/05/2004;2.19
04/05/2004;2.24
05/05/2004;2.27
06/05/2004;2.24
07/05/2004;2.15
10/05/2004;2.20
11/05/2004;2.18
12/05/2004;2.21
13/05/2004;2.18
14/05/2004;2.20
17/05/2004;2.19
18/05/2004;2.16
19/05/2004;2.18
20/05/2004;2.17
21/05/2004;2.16
24/05/2004;2.16
25/05/2004;2.15
26/05/2004;2.15
27/05/2004;2.14
28/05/2004;2.12
31/05/2004;
01/06/2004;2.11
02/06/2004;2.09
03/06/2004;2.08
04/06/2004;2.08
07/06/2004;2.11
08/06/2004;2.05
09/06/2004;2.03
10/06/2004;2.00
11/06/2004;
14/06/2004;1.92
15/06/2004;1.92
16/06/2004;1.90
17/06/2004;1.90
18/06/2004;1.91
21/06/2004;1.90
22/06/2004;1.92
23/06/2004;1.93
24/06/2004;1.92
25/06/2004;1.92
28/06/2004;1.90
29/06/2004;1.87
30/06/2004;1.92
01/07/2004;1.93
02/07/2004;1.94
05/07/2004;
06/07/2004;1.93
07/07/2004;1.94
08/07/2004;1.94
09/07/2004;1.94
12/07/2004;1.93
13/07/2004;1.92
14/07/2004;1.88
15/07/2004;1.86
16/07/2004;1.84
19/07/2004;1.82
20/07/2004;1.80
21/07/2004;1.79
22/07/2004;1.79
23/07/2004;1.76
26/07/2004;1.74
27/07/2004;1.80
28/07/2004;1.83
29/07/2004;1.85
30/07/2004;1.82
02/08/2004;1.82
03/08/2004;1.79
04/08/2004;1.79
05/08/2004;1.79
06/08/2004;1.84
09/08/2004;1.83
10/08/2004;1.77
11/08/2004;1.76
12/08/2004;1.75
13/08/2004;1.75
16/08/2004;1.75
17/08/2004;1.77
18/08/2004;1.79
19/08/2004;1.79
20/08/2004;1.78
23/08/2004;1.78
24/08/2004;1.78
25/08/2004;1.75
26/08/2004;1.74
27/08/2004;1.75
30/08/2004;1.72
31/08/2004;1.72
01/09/2004;1.72
02/09/2004;1.74
03/09/2004;1.69
06/09/2004;
07/09/2004;1.68
08/09/2004;1.68
09/09/2004;1.72
10/09/2004;1.69
13/09/2004;1.66
14/09/2004;1.68
15/09/2004;1.67
16/09/2004;1.64
17/09/2004;1.61
20/09/2004;1.61
21/09/2004;1.56
22/09/2004;1.50
23/09/2004;1.45
24/09/2004;1.42
27/09/2004;1.42
28/09/2004;1.47
29/09/2004;1.49
30/09/2004;1.51
01/10/2004;1.58
04/10/2004;1.54
05/10/2004;1.53
06/10/2004;1.53
07/10/2004;1.54
08/10/2004;1.54
11/10/2004;
12/10/2004;1.56
13/10/2004;1.56
14/10/2004;1.55
15/10/2004;1.54
18/10/2004;1.52
19/10/2004;1.50
20/10/2004;1.48
21/10/2004;1.44
22/10/2004;1.45
25/10/2004;1.45
26/10/2004;1.47
27/10/2004;1.48
28/10/2004;1.50
29/10/2004;1.49
01/11/2004;1.50
02/11/2004;1.50
03/11/2004;1.49
04/11/2004;1.47
05/11/2004;1.41
08/11/2004;1.42
09/11/2004;1.42
10/11/2004;1.43
11/11/2004;
12/11/2004;1.34
15/11/2004;1.31
16/11/2004;1.30
17/11/2004;1.29
18/11/2004;1.26
19/11/2004;1.25
22/11/2004;1.23
23/11/2004;1.21
24/11/2004;1.19
25/11/2004;
26/11/2004;1.21
29/11/2004;1.27
30/11/2004;1.34
01/12/2004;1.37
02/12/2004;1.36
03/12/2004;1.33
06/12/2004;1.31
07/12/2004;1.28
08/12/2004;1.23
09/12/2004;1.26
10/12/2004;1.21
13/12/2004;1.18
14/12/2004;1.15
15/12/2004;1.12
16/12/2004;1.18
17/12/2004;1.18
20/12/2004;1.15
21/12/2004;1.13
22/12/2004;1.17
23/12/2004;1.21
24/12/2004;
27/12/2004;1.23
28/12/2004;1.23
29/12/2004;1.21
30/12/2004;1.17
31/12/2004;1.16
03/01/2005;1.13
04/01/2005;1.09
05/01/2005;1.07
06/01/2005;1.11
07/01/2005;1.09
10/01/2005;1.06
11/01/2005;1.02
12/01/2005;1.03
13/01/2005;0.99
14/01/2005;0.99
17/01/2005;
18/01/2005;0.95
19/01/2005;0.94
20/01/2005;0.96
21/01/2005;1.00
24/01/2005;0.94
25/01/2005;0.97
26/01/2005;0.94
27/01/2005;0.94
28/01/2005;0.91
31/01/2005;0.85
01/02/2005;0.86
02/02/2005;0.83
03/02/2005;0.84
04/02/2005;0.80
07/02/2005;0.76
08/02/2005;0.72
09/02/2005;0.76
10/02/2005;0.78
11/02/2005;0.76
14/02/2005;0.70
15/02/2005;0.73
16/02/2005;0.75
17/02/2005;0.81
18/02/2005;0.82
21/02/2005;
22/02/2005;0.83
23/02/2005;0.81
24/02/2005;0.77
25/02/2005;0.73
28/02/2005;0.77
01/03/2005;0.79
02/03/2005;0.81
03/03/2005;0.80
04/03/2005;0.75
07/03/2005;0.70
08/03/2005;0.76
09/03/2005;0.86
10/03/2005;0.80
11/03/2005;0.83
14/03/2005;0.77
15/03/2005;0.79
16/03/2005;0.80
17/03/2005;0.77
18/03/2005;0.79
21/03/2005;0.81
22/03/2005;0.77
23/03/2005;0.77
24/03/2005;0.72
25/03/2005;
28/03/2005;0.74
29/03/2005;0.73
30/03/2005;0.70
31/03/2005;0.70
01/04/2005;0.71
04/04/2005;0.73
05/04/2005;0.73
06/04/2005;0.74
07/04/2005;0.77
08/04/2005;0.73
11/04/2005;0.70
12/04/2005;0.67
13/04/2005;0.72
14/04/2005;0.77
15/04/2005;0.73
18/04/2005;0.72
19/04/2005;0.71
20/04/2005;0.70
21/04/2005;0.67
22/04/2005;0.64
25/04/2005;0.62
26/04/2005;0.61
27/04/2005;0.61
28/04/2005;0.60
29/04/2005;0.55
02/05/2005;0.57
03/05/2005;0.53
04/05/2005;0.57
05/05/2005;0.61
06/05/2005;0.55
09/05/2005;0.53
10/05/2005;0.54
11/05/2005;0.53
12/05/2005;0.52
13/05/2005;0.51
16/05/2005;0.52
17/05/2005;0.51
18/05/2005;0.51
19/05/2005;0.47
20/05/2005;0.44
23/05/2005;0.42
24/05/2005;0.43
25/05/2005;0.47
26/05/2005;0.44
27/05/2005;0.44
30/05/2005;
31/05/2005;0.40
01/06/2005;0.41
02/06/2005;0.37
03/06/2005;0.41
06/06/2005;0.37
07/06/2005;0.35
08/06/2005;0.35
09/06/2005;0.34
10/06/2005;0.34
13/06/2005;0.38
14/06/2005;0.42
15/06/2005;0.40
16/06/2005;0.39
17/06/2005;0.37
20/06/2005;0.39
21/06/2005;0.35
22/06/2005;0.33
23/06/2005;0.33
24/06/2005;0.33
27/06/2005;0.30
28/06/2005;0.32
29/06/2005;0.34
30/06/2005;0.28
01/07/2005;0.30
04/07/2005;
05/07/2005;0.32
06/07/2005;0.31
07/07/2005;0.34
08/07/2005;0.33
11/07/2005;0.30
12/07/2005;0.33
13/07/2005;0.33
14/07/2005;0.33
15/07/2005;0.32
18/07/2005;0.33
19/07/2005;0.32
20/07/2005;0.27
21/07/2005;0.32
22/07/2005;0.31
25/07/2005;0.30
26/07/2005;0.29
27/07/2005;0.28
28/07/2005;0.24
29/07/2005;0.26
01/08/2005;0.28
02/08/2005;0.28
03/08/2005;0.28
04/08/2005;0.28
05/08/2005;0.29
08/08/2005;0.26
09/08/2005;0.28
10/08/2005;0.27
11/08/2005;0.22
12/08/2005;0.19
15/08/2005;0.19
16/08/2005;0.20
17/08/2005;0.21
18/08/2005;0.20
19/08/2005;0.18
22/08/2005;0.19
23/08/2005;0.19
24/08/2005;0.20
25/08/2005;0.18
26/08/2005;0.14
29/08/2005;0.14
30/08/2005;0.19
31/08/2005;0.18
01/09/2005;0.30
02/09/2005;0.28
05/09/2005;
06/09/2005;0.29
07/09/2005;0.28
08/09/2005;0.28
09/09/2005;0.26
12/09/2005;0.26
13/09/2005;0.26
14/09/2005;0.27
15/09/2005;0.32
16/09/2005;0.29
19/09/2005;0.32
20/09/2005;0.26
21/09/2005;0.23
22/09/2005;0.24
23/09/2005;0.23
26/09/2005;0.23
27/09/2005;0.22
28/09/2005;0.17
29/09/2005;0.16
30/09/2005;0.16
03/10/2005;0.18
04/10/2005;0.16
05/10/2005;0.15
06/10/2005;0.17
07/10/2005;0.17
10/10/2005;
11/10/2005;0.17
12/10/2005;0.21
13/10/2005;0.24
14/10/2005;0.21
17/10/2005;0.21
18/10/2005;0.22
19/10/2005;0.22
20/10/2005;0.19
21/10/2005;0.17
24/10/2005;0.20
25/10/2005;0.20
26/10/2005;0.22
27/10/2005;0.21
28/10/2005;0.18
31/10/2005;0.17
01/11/2005;0.16
02/11/2005;0.18
03/11/2005;0.18
04/11/2005;0.19
07/11/2005;0.18
08/11/2005;0.14
09/11/2005;0.15
10/11/2005;0.11
11/11/2005;
14/11/2005;0.11
15/11/2005;0.09
16/11/2005;0.07
17/11/2005;0.09
18/11/2005;0.10
21/11/2005;0.07
22/11/2005;0.11
23/11/2005;0.11
24/11/2005;
25/11/2005;0.10
28/11/2005;0.08
29/11/2005;0.08
30/11/2005;0.07
01/12/2005;0.07
02/12/2005;0.09
05/12/2005;0.10
06/12/2005;0.07
07/12/2005;0.10
08/12/2005;0.10
09/12/2005;0.11
12/12/2005;0.11
13/12/2005;0.11
14/12/2005;0.08
15/12/2005;0.10
16/12/2005;0.08
19/12/2005;0.07
20/12/2005;0.05
21/12/2005;0.06
22/12/2005;0.04
23/12/2005;0.01
26/12/2005;
27/12/2005;-0.01
28/12/2005;0.01
29/12/2005;-0.01
30/12/2005;-0.02
02/01/2006;
03/01/2006;0.03
04/01/2006;0.05
05/01/2006;0.04
06/01/2006;0.02
09/01/2006;0.02
10/01/2006;0.02
11/01/2006;0.02
12/01/2006;0.03
13/01/2006;0.02
16/01/2006;
17/01/2006;0.01
18/01/2006;0.01
19/01/2006;0.01
20/01/2006;0.00
23/01/2006;0.01
24/01/2006;0.03
25/01/2006;0.03
26/01/2006;0.04
27/01/2006;0.01
30/01/2006;0.02
31/01/2006;-0.01
01/02/2006;-0.02
02/02/2006;-0.02
03/02/2006;-0.05
06/02/2006;-0.07
07/02/2006;-0.04
08/02/2006;-0.08
09/02/2006;-0.12
10/02/2006;-0.10
13/02/2006;-0.10
14/02/2006;-0.07
15/02/2006;-0.10
16/02/2006;-0.10
17/02/2006;-0.12
20/02/2006;
21/02/2006;-0.14
22/02/2006;-0.15
23/02/2006;-0.16
24/02/2006;-0.16
27/02/2006;-0.15
28/02/2006;-0.14
01/03/2006;-0.12
02/03/2006;-0.08
03/03/2006;-0.08
06/03/2006;-0.03
07/03/2006;-0.03
08/03/2006;0.01
09/03/2006;0.02
10/03/2006;0.02
13/03/2006;0.03
14/03/2006;0.05
15/03/2006;0.04
16/03/2006;0.03
17/03/2006;0.03
20/03/2006;0.01
21/03/2006;-0.01
22/03/2006;-0.04
23/03/2006;-0.04
24/03/2006;-0.05
27/03/2006;-0.02
28/03/2006;-0.02
29/03/2006;-0.01
30/03/2006;0.02
31/03/2006;0.04
03/04/2006;0.02
04/04/2006;0.03
05/04/2006;0.03
06/04/2006;0.06
07/04/2006;0.08
10/04/2006;0.08
11/04/2006;0.05
12/04/2006;0.07
13/04/2006;0.09
14/04/2006;
17/04/2006;0.10
18/04/2006;0.15
19/04/2006;0.18
20/04/2006;0.15
21/04/2006;0.11
24/04/2006;0.10
25/04/2006;0.12
26/04/2006;0.13
27/04/2006;0.18
28/04/2006;0.20
01/05/2006;0.20
02/05/2006;0.20
03/05/2006;0.21
04/05/2006;0.19
05/05/2006;0.18
08/05/2006;0.15
09/05/2006;0.16
10/05/2006;0.12
11/05/2006;0.15
12/05/2006;0.18
15/05/2006;0.16
16/05/2006;0.14
17/05/2006;0.19
18/05/2006;0.14
19/05/2006;0.09
22/05/2006;0.10
23/05/2006;0.10
24/05/2006;0.09
25/05/2006;0.09
26/05/2006;0.10
29/05/2006;
30/05/2006;0.10
31/05/2006;0.08
01/06/2006;0.07
02/06/2006;0.08
05/06/2006;0.03
06/06/2006;0.02
07/06/2006;0.00
08/06/2006;-0.01
09/06/2006;-0.03
12/06/2006;-0.03
13/06/2006;-0.05
14/06/2006;-0.06
15/06/2006;-0.04
16/06/2006;-0.03
19/06/2006;-0.05
20/06/2006;-0.04
21/06/2006;-0.04
22/06/2006;-0.03
23/06/2006;-0.04
26/06/2006;-0.02
27/06/2006;-0.03
28/06/2006;-0.04
29/06/2006;0.01
30/06/2006;-0.01
03/07/2006;-0.02
04/07/2006;
05/07/2006;-0.01
06/07/2006;-0.03
07/07/2006;-0.03
10/07/2006;-0.04
11/07/2006;-0.07
12/07/2006;-0.07
13/07/2006;-0.04
14/07/2006;-0.01
17/07/2006;-0.05
18/07/2006;-0.06
19/07/2006;-0.06
20/07/2006;-0.03
21/07/2006;-0.03
24/07/2006;-0.05
25/07/2006;-0.04
26/07/2006;-0.02
27/07/2006;0.00
28/07/2006;0.02
31/07/2006;0.02
01/08/2006;0.02
02/08/2006;-0.01
03/08/2006;-0.02
04/08/2006;0.00
07/08/2006;-0.03
08/08/2006;0.02
09/08/2006;0.01
10/08/2006;0.00
11/08/2006;0.01
14/08/2006;-0.01
15/08/2006;-0.01
16/08/2006;0.00
17/08/2006;-0.02
18/08/2006;-0.03
21/08/2006;-0.03
22/08/2006;-0.05
23/08/2006;-0.05
24/08/2006;-0.07
25/08/2006;-0.07
28/08/2006;-0.08
29/08/2006;-0.08
30/08/2006;-0.07
31/08/2006;-0.05
01/09/2006;-0.04
04/09/2006;
05/09/2006;-0.02
06/09/2006;-0.02
07/09/2006;-0.02
08/09/2006;-0.02
11/09/2006;-0.03
12/09/2006;-0.04
13/09/2006;-0.03
14/09/2006;-0.04
15/09/2006;-0.07
18/09/2006;-0.07
19/09/2006;-0.05
20/09/2006;-0.08
21/09/2006;-0.06
22/09/2006;-0.07
25/09/2006;-0.07
26/09/2006;-0.09
27/09/2006;-0.06
28/09/2006;-0.05
29/09/2006;-0.07
02/10/2006;-0.04
03/10/2006;-0.05
04/10/2006;-0.03
05/10/2006;-0.04
06/10/2006;-0.04
09/10/2006;
10/10/2006;-0.07
11/10/2006;-0.07
12/10/2006;-0.06
13/10/2006;-0.06
16/10/2006;-0.06
17/10/2006;-0.05
18/10/2006;-0.08
19/10/2006;-0.06
20/10/2006;-0.08
23/10/2006;-0.07
24/10/2006;-0.08
25/10/2006;-0.10
26/10/2006;-0.08
27/10/2006;-0.08
30/10/2006;-0.10
31/10/2006;-0.10
01/11/2006;-0.09
02/11/2006;-0.07
03/11/2006;-0.10
06/11/2006;-0.11
07/11/2006;-0.11
08/11/2006;-0.11
09/11/2006;-0.13
10/11/2006;-0.14
13/11/2006;-0.15
14/11/2006;-0.17
15/11/2006;-0.19
16/11/2006;-0.19
17/11/2006;-0.15
20/11/2006;-0.16
21/11/2006;-0.17
22/11/2006;-0.17
23/11/2006;
24/11/2006;-0.18
27/11/2006;-0.17
28/11/2006;-0.16
29/11/2006;-0.17
30/11/2006;-0.16
01/12/2006;-0.09
04/12/2006;-0.09
05/12/2006;-0.07
06/12/2006;-0.11
07/12/2006;-0.09
08/12/2006;-0.12
11/12/2006;-0.15
12/12/2006;-0.12
13/12/2006;-0.12
14/12/2006;-0.13
15/12/2006;-0.13
18/12/2006;-0.11
19/12/2006;-0.11
20/12/2006;-0.11
21/12/2006;-0.11
22/12/2006;-0.08
25/12/2006;
26/12/2006;-0.10
27/12/2006;-0.11
28/12/2006;-0.12
29/12/2006;-0.11
01/01/2007;
02/01/2007;-0.12
03/01/2007;-0.09
04/01/2007;-0.09
05/01/2007;-0.11
08/01/2007;-0.12
09/01/2007;-0.13
10/01/2007;-0.12
11/01/2007;-0.12
12/01/2007;-0.11
15/01/2007;
16/01/2007;-0.11
17/01/2007;-0.12
18/01/2007;-0.14
19/01/2007;-0.15
22/01/2007;-0.15
23/01/2007;-0.13
24/01/2007;-0.12
25/01/2007;-0.11
26/01/2007;-0.11
29/01/2007;-0.09
30/01/2007;-0.10
31/01/2007;-0.11
01/02/2007;-0.12
02/02/2007;-0.11
05/02/2007;-0.11
06/02/2007;-0.13
07/02/2007;-0.13
08/02/2007;-0.14
09/02/2007;-0.13
12/02/2007;-0.14
13/02/2007;-0.13
14/02/2007;-0.13
15/02/2007;-0.13
16/02/2007;-0.14
19/02/2007;
20/02/2007;-0.13
21/02/2007;-0.13
22/02/2007;-0.14
23/02/2007;-0.14
26/02/2007;-0.14
27/02/2007;-0.09
28/02/2007;-0.09
01/03/2007;-0.07
02/03/2007;-0.04
05/03/2007;-0.02
06/03/2007;-0.05
07/03/2007;-0.04
08/03/2007;-0.05
09/03/2007;-0.07
12/03/2007;-0.06
13/03/2007;-0.02
14/03/2007;-0.01
15/03/2007;-0.03
16/03/2007;-0.03
19/03/2007;-0.03
20/03/2007;-0.04
21/03/2007;0.02
22/03/2007;0.02
23/03/2007;0.02
26/03/2007;0.04
27/03/2007;0.04
28/03/2007;0.09
29/03/2007;0.06
30/03/2007;0.07
02/04/2007;0.05
03/04/2007;0.04
04/04/2007;0.05
05/04/2007;0.05
06/04/2007;0.01
09/04/2007;0.02
10/04/2007;0.02
11/04/2007;0.01
12/04/2007;0.01
13/04/2007;0.00
16/04/2007;0.00
17/04/2007;0.01
18/04/2007;0.02
19/04/2007;0.04
20/04/2007;0.04
23/04/2007;0.04
24/04/2007;0.05
25/04/2007;0.03
26/04/2007;0.02
27/04/2007;0.04
30/04/2007;0.03
01/05/2007;0.01
02/05/2007;0.00
03/05/2007;-0.03
04/05/2007;-0.03
07/05/2007;-0.04
08/05/2007;-0.05
09/05/2007;-0.06
10/05/2007;-0.05
11/05/2007;-0.04
14/05/2007;-0.04
15/05/2007;-0.04
16/05/2007;-0.02
17/05/2007;-0.02
18/05/2007;-0.01
21/05/2007;-0.02
22/05/2007;0.00
23/05/2007;0.01
24/05/2007;0.01
25/05/2007;0.01
28/05/2007;
29/05/2007;0.00
30/05/2007;-0.01
31/05/2007;-0.02
01/06/2007;-0.02
04/06/2007;-0.04
05/06/2007;-0.01
06/06/2007;0.00
07/06/2007;0.08
08/06/2007;0.11
11/06/2007;0.13
12/06/2007;0.18
13/06/2007;0.12
14/06/2007;0.13
15/06/2007;0.11
18/06/2007;0.14
19/06/2007;0.15
20/06/2007;0.17
21/06/2007;0.18
22/06/2007;0.22
25/06/2007;0.22
26/06/2007;0.20
27/06/2007;0.18
28/06/2007;0.16
29/06/2007;0.16
02/07/2007;0.14
03/07/2007;0.16
04/07/2007;
05/07/2007;0.17
06/07/2007;0.20
09/07/2007;0.19
10/07/2007;0.18
11/07/2007;0.20
12/07/2007;0.19
13/07/2007;0.17
16/07/2007;0.16
17/07/2007;0.17
18/07/2007;0.18
19/07/2007;0.17
20/07/2007;0.17
23/07/2007;0.17
24/07/2007;0.17
25/07/2007;0.18
26/07/2007;0.23
27/07/2007;0.24
30/07/2007;0.23
31/07/2007;0.22
01/08/2007;0.20
02/08/2007;0.18
03/08/2007;0.25
06/08/2007;0.26
07/08/2007;0.21
08/08/2007;0.20
09/08/2007;0.30
10/08/2007;0.34
13/08/2007;0.32
14/08/2007;0.34
15/08/2007;0.42
16/08/2007;0.52
17/08/2007;0.50
20/08/2007;0.53
21/08/2007;0.55
22/08/2007;0.48
23/08/2007;0.42
24/08/2007;0.33
27/08/2007;0.32
28/08/2007;0.40
29/08/2007;0.43
30/08/2007;0.43
31/08/2007;0.39
03/09/2007;
04/09/2007;0.43
05/09/2007;0.45
06/09/2007;0.43
07/09/2007;0.48
10/09/2007;0.47
11/09/2007;0.42
12/09/2007;0.46
13/09/2007;0.41
14/09/2007;0.42
17/09/2007;0.40
18/09/2007;0.50
19/09/2007;0.53
20/09/2007;0.59
21/09/2007;0.58
24/09/2007;0.58
25/09/2007;0.63
26/09/2007;0.66
27/09/2007;0.63
28/09/2007;0.62
01/10/2007;0.54
02/10/2007;0.56
03/10/2007;0.53
04/10/2007;0.54
05/10/2007;0.57
08/10/2007;
09/10/2007;0.52
10/10/2007;0.50
11/10/2007;0.53
12/10/2007;0.47
15/10/2007;0.47
16/10/2007;0.54
17/10/2007;0.57
18/10/2007;0.59
19/10/2007;0.61
22/10/2007;0.57
23/10/2007;0.60
24/10/2007;0.62
25/10/2007;0.63
26/10/2007;0.64
29/10/2007;0.60
30/10/2007;0.58
31/10/2007;0.54
01/11/2007;0.59
02/11/2007;0.65
05/11/2007;0.66
06/11/2007;0.68
07/11/2007;0.73
08/11/2007;0.81
09/11/2007;0.81
12/11/2007;
13/11/2007;0.72
14/11/2007;0.71
15/11/2007;0.82
16/11/2007;0.82
19/11/2007;0.89
20/11/2007;0.92
21/11/2007;1.01
22/11/2007;
23/11/2007;0.94
26/11/2007;0.91
27/11/2007;0.90
28/11/2007;0.86
29/11/2007;0.88
30/11/2007;0.93
03/12/2007;0.99
04/12/2007;0.99
05/12/2007;1.02
06/12/2007;0.99
07/12/2007;1.00
10/12/2007;0.98
11/12/2007;1.04
12/12/2007;0.98
13/12/2007;0.97
14/12/2007;0.93
17/12/2007;0.96
18/12/2007;0.95
19/12/2007;0.94
20/12/2007;0.95
21/12/2007;0.99
24/12/2007;0.99
25/12/2007;
26/12/2007;0.99
27/12/2007;0.97
28/12/2007;0.99
31/12/2007;0.99
01/01/2008;
02/01/2008;1.03
03/01/2008;1.08
04/01/2008;1.14
07/01/2008;1.10
08/01/2008;1.10
09/01/2008;1.13
10/01/2008;1.20
11/01/2008;1.23
14/01/2008;1.23
15/01/2008;1.19
16/01/2008;1.23
17/01/2008;1.22
18/01/2008;1.30
21/01/2008;
22/01/2008;1.44
23/01/2008;1.42
24/01/2008;1.43
25/01/2008;1.38
28/01/2008;1.41
29/01/2008;1.40
30/01/2008;1.48
31/01/2008;1.50
01/02/2008;1.53
04/02/2008;1.60
05/02/2008;1.68
06/02/2008;1.65
07/02/2008;1.75
08/02/2008;1.71
11/02/2008;1.69
12/02/2008;1.72
13/02/2008;1.79
14/02/2008;1.92
15/02/2008;1.85
18/02/2008;
19/02/2008;1.83
20/02/2008;1.79
21/02/2008;1.79
22/02/2008;1.81
25/02/2008;1.78
26/02/2008;1.84
27/02/2008;1.84
28/02/2008;1.84
29/02/2008;1.88
03/03/2008;1.93
04/03/2008;1.98
05/03/2008;2.04
06/03/2008;2.09
07/03/2008;2.03
10/03/2008;1.99
11/03/2008;1.86
12/03/2008;1.86
13/03/2008;1.93
14/03/2008;1.97
17/03/2008;1.99
18/03/2008;1.90
19/03/2008;1.84
20/03/2008;1.75
21/03/2008;
24/03/2008;1.72
25/03/2008;1.72
26/03/2008;1.80
27/03/2008;1.83
28/03/2008;1.80
31/03/2008;1.83
01/04/2008;1.77
02/04/2008;1.72
03/04/2008;1.70
04/04/2008;1.67
07/04/2008;1.62
08/04/2008;1.71
09/04/2008;1.72
10/04/2008;1.71
11/04/2008;1.73
14/04/2008;1.75
15/04/2008;1.76
16/04/2008;1.74
17/04/2008;1.62
18/04/2008;1.58
21/04/2008;1.55
22/04/2008;1.50
23/04/2008;1.55
24/04/2008;1.46
25/04/2008;1.47
28/04/2008;1.50
29/04/2008;1.50
30/04/2008;1.48
01/05/2008;1.41
02/05/2008;1.42
05/05/2008;1.46
06/05/2008;1.55
07/05/2008;1.56
08/05/2008;1.54
09/05/2008;1.52
12/05/2008;1.48
13/05/2008;1.43
14/05/2008;1.39
15/05/2008;1.38
16/05/2008;1.38
19/05/2008;1.41
20/05/2008;1.44
21/05/2008;1.40
22/05/2008;1.36
23/05/2008;1.39
26/05/2008;
27/05/2008;1.38
28/05/2008;1.41
29/05/2008;1.41
30/05/2008;1.40
02/06/2008;1.47
03/06/2008;1.47
04/06/2008;1.51
05/06/2008;1.54
06/06/2008;1.54
09/06/2008;1.29
10/06/2008;1.20
11/06/2008;1.27
12/06/2008;1.20
13/06/2008;1.22
16/06/2008;1.23
17/06/2008;1.29
18/06/2008;1.27
19/06/2008;1.23
20/06/2008;1.28
23/06/2008;1.21
24/06/2008;1.23
25/06/2008;1.30
26/06/2008;1.39
27/06/2008;1.34
30/06/2008;1.36
01/07/2008;1.38
02/07/2008;1.39
03/07/2008;1.45
04/07/2008;
07/07/2008;1.48
08/07/2008;1.44
09/07/2008;1.44
10/07/2008;1.39
11/07/2008;1.37
14/07/2008;1.43
15/07/2008;1.48
16/07/2008;1.53
17/07/2008;1.49
18/07/2008;1.45
21/07/2008;1.43
22/07/2008;1.40
23/07/2008;1.35
24/07/2008;1.42
25/07/2008;1.43
28/07/2008;1.47
29/07/2008;1.44
30/07/2008;1.43
31/07/2008;1.47
01/08/2008;1.46
04/08/2008;1.45
05/08/2008;1.50
06/08/2008;1.50
07/08/2008;1.49
08/08/2008;1.43
11/08/2008;1.43
12/08/2008;1.46
13/08/2008;1.44
14/08/2008;1.44
15/08/2008;1.44
18/08/2008;1.47
19/08/2008;1.51
20/08/2008;1.54
21/08/2008;1.51
22/08/2008;1.45
25/08/2008;1.46
26/08/2008;1.44
27/08/2008;1.46
28/08/2008;1.42
29/08/2008;1.47
01/09/2008;
02/09/2008;1.48
03/09/2008;1.45
04/09/2008;1.44
05/09/2008;1.43
08/09/2008;1.36
09/09/2008;1.39
10/09/2008;1.43
11/09/2008;1.46
12/09/2008;1.51
15/09/2008;1.69
16/09/2008;1.59
17/09/2008;1.77
18/09/2008;1.76
19/09/2008;1.62
22/09/2008;1.70
23/09/2008;1.74
24/09/2008;1.77
25/09/2008;1.72
26/09/2008;1.74
29/09/2008;1.91
30/09/2008;1.85
01/10/2008;1.95
02/10/2008;2.04
03/10/2008;2.03
06/10/2008;2.05
07/10/2008;2.03
08/10/2008;2.07
09/10/2008;2.19
10/10/2008;2.27
13/10/2008;
14/10/2008;2.26
15/10/2008;2.40
16/10/2008;2.38
17/10/2008;2.34
20/10/2008;2.20
21/10/2008;2.18
22/10/2008;2.12
23/10/2008;2.09
24/10/2008;2.19
27/10/2008;2.20
28/10/2008;2.24
29/10/2008;2.35
30/10/2008;2.41
31/10/2008;2.45
03/11/2008;2.51
04/11/2008;2.42
05/11/2008;2.37
06/11/2008;2.47
07/11/2008;2.50
10/11/2008;2.55
11/11/2008;
12/11/2008;2.56
13/11/2008;2.60
14/11/2008;2.50
17/11/2008;2.46
18/11/2008;2.38
19/11/2008;2.29
20/11/2008;2.10
21/11/2008;2.11
24/11/2008;2.04
25/11/2008;1.96
26/11/2008;1.90
27/11/2008;
28/11/2008;1.93
01/12/2008;1.82
02/12/2008;1.78
03/12/2008;1.80
04/12/2008;1.73
05/12/2008;1.74
08/12/2008;1.80
09/12/2008;1.83
10/12/2008;1.83
11/12/2008;1.85
12/12/2008;1.82
15/12/2008;1.78
16/12/2008;1.72
17/12/2008;1.47
18/12/2008;1.40
19/12/2008;1.39
22/12/2008;1.29
23/12/2008;1.28
24/12/2008;1.30
25/12/2008;
26/12/2008;1.27
29/12/2008;1.35
30/12/2008;1.36
31/12/2008;1.49
01/01/2009;
02/01/2009;1.58
05/01/2009;1.71
06/01/2009;1.71
07/01/2009;1.70
08/01/2009;1.64
09/01/2009;1.68
12/01/2009;1.60
13/01/2009;1.57
14/01/2009;1.51
15/01/2009;1.50
16/01/2009;1.63
19/01/2009;
20/01/2009;1.67
21/01/2009;1.78
22/01/2009;1.87
23/01/2009;1.82
26/01/2009;1.85
27/01/2009;1.72
28/01/2009;1.82
29/01/2009;1.92
30/01/2009;1.93
02/02/2009;1.87
03/02/2009;1.93
04/02/2009;1.97
05/02/2009;1.97
06/02/2009;2.06
09/02/2009;2.02
10/02/2009;1.98
11/02/2009;1.85
12/02/2009;1.86
13/02/2009;1.92
16/02/2009;
17/02/2009;1.77
18/02/2009;1.77
19/02/2009;1.84
20/02/2009;1.82
23/02/2009;1.82
24/02/2009;1.77
25/02/2009;1.86
26/02/2009;1.90
27/02/2009;2.02
02/03/2009;2.02
03/03/2009;2.02
04/03/2009;2.04
05/03/2009;1.93
06/03/2009;1.92
09/03/2009;1.93
10/03/2009;1.98
11/03/2009;1.92
12/03/2009;1.86
13/03/2009;1.91
16/03/2009;1.97
17/03/2009;1.97
18/03/2009;1.69
19/03/2009;1.74
20/03/2009;1.76
23/03/2009;1.75
24/03/2009;1.75
25/03/2009;1.85
26/03/2009;1.86
27/03/2009;1.88
30/03/2009;1.89
31/03/2009;1.90
01/04/2009;1.85
02/04/2009;1.89
03/04/2009;1.95
06/04/2009;2.01
07/04/2009;2.02
08/04/2009;1.93
09/04/2009;2.00
10/04/2009;
13/04/2009;1.99
14/04/2009;1.94
15/04/2009;1.96
16/04/2009;1.95
17/04/2009;1.99
20/04/2009;1.95
21/04/2009;1.98
22/04/2009;1.98
23/04/2009;1.99
24/04/2009;2.04
27/04/2009;2.05
28/04/2009;2.10
29/04/2009;2.18
30/04/2009;2.25
01/05/2009;2.29
04/05/2009;2.25
05/05/2009;2.22
06/05/2009;2.22
07/05/2009;2.29
08/05/2009;2.29
11/05/2009;2.25
12/05/2009;2.27
13/05/2009;2.22
14/05/2009;2.23
15/05/2009;2.26
18/05/2009;2.29
19/05/2009;2.34
20/05/2009;2.32
21/05/2009;2.46
22/05/2009;2.53
25/05/2009;
26/05/2009;2.54
27/05/2009;2.75
28/05/2009;2.70
29/05/2009;2.55
01/06/2009;2.74
02/06/2009;2.69
03/06/2009;2.65
04/06/2009;2.76
05/06/2009;2.52
08/06/2009;2.49
09/06/2009;2.53
10/06/2009;2.60
11/06/2009;2.53
12/06/2009;2.51
15/06/2009;2.50
16/06/2009;2.44
17/06/2009;2.49
18/06/2009;2.58
19/06/2009;2.54
22/06/2009;2.55
23/06/2009;2.51
24/06/2009;2.53
25/06/2009;2.43
26/06/2009;2.42
29/06/2009;2.40
30/06/2009;2.42
01/07/2009;2.50
02/07/2009;2.53
03/07/2009;
06/07/2009;2.56
07/07/2009;2.49
08/07/2009;2.42
09/07/2009;2.50
10/07/2009;2.41
13/07/2009;2.46
14/07/2009;2.53
15/07/2009;2.60
16/07/2009;2.59
17/07/2009;2.65
20/07/2009;2.62
21/07/2009;2.54
22/07/2009;2.60
23/07/2009;2.64
24/07/2009;2.65
27/07/2009;2.67
28/07/2009;2.60
29/07/2009;2.52
30/07/2009;2.48
31/07/2009;2.39
03/08/2009;2.48
04/08/2009;2.50
05/08/2009;2.57
06/08/2009;2.57
07/08/2009;2.57
10/08/2009;2.56
11/08/2009;2.50
12/08/2009;2.54
13/08/2009;2.47
14/08/2009;2.48
17/08/2009;2.44
18/08/2009;2.45
19/08/2009;2.44
20/08/2009;2.39
21/08/2009;2.43
24/08/2009;2.43
25/08/2009;2.40
26/08/2009;2.38
27/08/2009;2.43
28/08/2009;2.45
31/08/2009;2.43
01/09/2009;2.46
02/09/2009;2.40
03/09/2009;2.42
04/09/2009;2.51
07/09/2009;
08/09/2009;2.54
09/09/2009;2.55
10/09/2009;2.46
11/09/2009;2.44
14/09/2009;2.48
15/09/2009;2.51
16/09/2009;2.47
17/09/2009;2.44
18/09/2009;2.46
21/09/2009;2.47
22/09/2009;2.44
23/09/2009;2.48
24/09/2009;2.47
25/09/2009;2.36
28/09/2009;2.33
29/09/2009;2.31
30/09/2009;2.36
01/10/2009;2.34
02/10/2009;2.36
05/10/2009;2.36
06/10/2009;2.36
07/10/2009;2.34
08/10/2009;2.37
09/10/2009;2.42
12/10/2009;
13/10/2009;2.43
14/10/2009;2.49
15/10/2009;2.52
16/10/2009;2.46
19/10/2009;2.42
20/10/2009;2.40
21/10/2009;2.42
22/10/2009;2.47
23/10/2009;2.47
26/10/2009;2.53
27/10/2009;2.50
28/10/2009;2.49
29/10/2009;2.55
30/10/2009;2.51
02/11/2009;2.53
03/11/2009;2.58
04/11/2009;2.66
05/11/2009;2.67
06/11/2009;2.68
09/11/2009;2.65
10/11/2009;2.65
11/11/2009;
12/11/2009;2.63
13/11/2009;2.61
16/11/2009;2.55
17/11/2009;2.55
18/11/2009;2.59
19/11/2009;2.62
20/11/2009;2.61
23/11/2009;2.60
24/11/2009;2.59
25/11/2009;2.55
26/11/2009;
27/11/2009;2.53
30/11/2009;2.54
01/12/2009;2.61
02/12/2009;2.60
03/12/2009;2.65
04/12/2009;2.64
07/12/2009;2.66
08/12/2009;2.67
09/12/2009;2.69
10/12/2009;2.71
11/12/2009;2.72
14/12/2009;2.69
15/12/2009;2.72
16/12/2009;2.76
17/12/2009;2.73
18/12/2009;2.73
21/12/2009;2.80
22/12/2009;2.81
23/12/2009;2.81
24/12/2009;2.82
25/12/2009;
28/12/2009;2.76
29/12/2009;2.73
30/12/2009;2.72
31/12/2009;2.71
01/01/2010;
04/01/2010;2.76
05/01/2010;2.76
06/01/2010;2.84
07/01/2010;2.82
08/01/2010;2.87
11/01/2010;2.90
12/01/2010;2.82
13/01/2010;2.83
14/01/2010;2.82
15/01/2010;2.81
18/01/2010;
19/01/2010;2.80
20/01/2010;2.76
21/01/2010;2.75
22/01/2010;2.78
25/01/2010;2.80
26/01/2010;2.78
27/01/2010;2.76
28/01/2010;2.81
29/01/2010;2.81
01/02/2010;2.82
02/02/2010;2.81
03/02/2010;2.85
04/02/2010;2.82
05/02/2010;2.82
08/02/2010;2.83
09/02/2010;2.83
10/02/2010;2.81
11/02/2010;2.82
12/02/2010;2.85
15/02/2010;
16/02/2010;2.84
17/02/2010;2.87
18/02/2010;2.89
19/02/2010;2.83
22/02/2010;2.89
23/02/2010;2.82
24/02/2010;2.83
25/02/2010;2.82
26/02/2010;2.80
01/03/2010;2.81
02/03/2010;2.82
03/03/2010;2.81
04/03/2010;2.75
05/03/2010;2.78
08/03/2010;2.82
09/03/2010;2.82
10/03/2010;2.81
11/03/2010;2.76
12/03/2010;2.74
15/03/2010;2.75
16/03/2010;2.73
17/03/2010;2.70
18/03/2010;2.70
19/03/2010;2.68
22/03/2010;2.66
23/03/2010;2.67
24/03/2010;2.76
25/03/2010;2.81
26/03/2010;2.82
29/03/2010;2.84
30/03/2010;2.82
31/03/2010;2.82
01/04/2010;2.84
02/04/2010;2.85
05/04/2010;2.83
06/04/2010;2.84
07/04/2010;2.83
08/04/2010;2.82
09/04/2010;2.82
12/04/2010;2.80
13/04/2010;2.77
14/04/2010;2.81
15/04/2010;2.82
16/04/2010;2.81
19/04/2010;2.82
20/04/2010;2.77
21/04/2010;2.74
22/04/2010;2.73
23/04/2010;2.74
26/04/2010;2.74
27/04/2010;2.68
28/04/2010;2.77
29/04/2010;2.75
30/04/2010;2.72
03/05/2010;2.72
04/05/2010;2.67
05/05/2010;2.70
06/05/2010;2.66
07/05/2010;2.62
10/05/2010;2.70
11/05/2010;2.71
12/05/2010;2.67
13/05/2010;2.68
14/05/2010;2.65
17/05/2010;2.66
18/05/2010;2.62
19/05/2010;2.56
20/05/2010;2.49
21/05/2010;2.44
24/05/2010;2.46
25/05/2010;2.37
26/05/2010;2.39
27/05/2010;2.47
28/05/2010;2.55
31/05/2010;
01/06/2010;2.51
02/06/2010;2.53
03/06/2010;2.57
04/06/2010;2.48
07/06/2010;2.43
08/06/2010;2.44
09/06/2010;2.46
10/06/2010;2.54
11/06/2010;2.49
14/06/2010;2.51
15/06/2010;2.53
16/06/2010;2.52
17/06/2010;2.49
18/06/2010;2.50
21/06/2010;2.52
22/06/2010;2.47
23/06/2010;2.47
24/06/2010;2.47
25/06/2010;2.47
28/06/2010;2.43
29/06/2010;2.36
30/06/2010;2.36
01/07/2010;2.33
02/07/2010;2.37
05/07/2010;
06/07/2010;2.33
07/07/2010;2.37
08/07/2010;2.41
09/07/2010;2.44
12/07/2010;2.43
13/07/2010;2.48
14/07/2010;2.45
15/07/2010;2.39
16/07/2010;2.35
19/07/2010;2.38
20/07/2010;2.37
21/07/2010;2.32
22/07/2010;2.36
23/07/2010;2.42
26/07/2010;2.41
27/07/2010;2.43
28/07/2010;2.42
29/07/2010;2.44
30/07/2010;2.39
02/08/2010;2.43
03/08/2010;2.41
04/08/2010;2.42
05/08/2010;2.41
06/08/2010;2.36
09/08/2010;2.32
10/08/2010;2.27
11/08/2010;2.18
12/08/2010;2.19
13/08/2010;2.14
16/08/2010;2.07
17/08/2010;2.12
18/08/2010;2.13
19/08/2010;2.09
20/08/2010;2.13
23/08/2010;2.11
24/08/2010;2.00
25/08/2010;2.01
26/08/2010;1.99
27/08/2010;2.10
30/08/2010;2.04
31/08/2010;2.00
01/09/2010;2.08
02/09/2010;2.13
03/09/2010;2.20
06/09/2010;
07/09/2010;2.12
08/09/2010;2.14
09/09/2010;2.20
10/09/2010;2.23
13/09/2010;2.21
14/09/2010;2.18
15/09/2010;2.24
16/09/2010;2.29
17/09/2010;2.27
20/09/2010;2.25
21/09/2010;2.18
22/09/2010;2.12
23/09/2010;2.11
24/09/2010;2.17
27/09/2010;2.10
28/09/2010;2.11
29/09/2010;2.08
30/09/2010;2.11
01/10/2010;2.12
04/10/2010;2.09
05/10/2010;2.09
06/10/2010;2.03
07/10/2010;2.05
08/10/2010;2.06
11/10/2010;
12/10/2010;2.07
13/10/2010;2.09
14/10/2010;2.14
15/10/2010;2.22
18/10/2010;2.14
19/10/2010;2.13
20/10/2010;2.16
21/10/2010;2.20
22/10/2010;2.24
25/10/2010;2.22
26/10/2010;2.27
27/10/2010;2.35
28/10/2010;2.32
29/10/2010;2.29
01/11/2010;2.32
02/11/2010;2.29
03/11/2010;2.33
04/11/2010;2.20
05/11/2010;2.20
08/11/2010;2.19
09/11/2010;2.26
10/11/2010;2.21
11/11/2010;
12/11/2010;2.25
15/11/2010;2.39
16/11/2010;2.34
17/11/2010;2.39
18/11/2010;2.38
19/11/2010;2.36
22/11/2010;2.31
23/11/2010;2.32
24/11/2010;2.40
25/11/2010;
26/11/2010;2.36
29/11/2010;2.32
30/11/2010;2.36
01/12/2010;2.44
02/12/2010;2.46
03/12/2010;2.54
06/12/2010;2.53
07/12/2010;2.61
08/12/2010;2.63
09/12/2010;2.59
10/12/2010;2.68
13/12/2010;2.68
14/12/2010;2.83
15/12/2010;2.85
16/12/2010;2.81
17/12/2010;2.72
20/12/2010;2.74
21/12/2010;2.72
22/12/2010;2.71
23/12/2010;2.74
24/12/2010;
27/12/2010;2.65
28/12/2010;2.75
29/12/2010;2.71
30/12/2010;2.72
31/12/2010;2.69
03/01/2011;2.75
04/01/2011;2.73
05/01/2011;2.79
06/01/2011;2.76
07/01/2011;2.74
10/01/2011;2.73
11/01/2011;2.77
12/01/2011;2.79
13/01/2011;2.75
14/01/2011;2.76
17/01/2011;
18/01/2011;2.79
19/01/2011;2.77
20/01/2011;2.82
21/01/2011;2.81
24/01/2011;2.78
25/01/2011;2.73
26/01/2011;2.83
27/01/2011;2.83
28/01/2011;2.82
31/01/2011;2.84
01/02/2011;2.87
02/02/2011;2.85
03/02/2011;2.87
04/02/2011;2.91
07/02/2011;2.90
08/02/2011;2.89
09/02/2011;2.84
10/02/2011;2.85
11/02/2011;2.79
14/02/2011;2.75
15/02/2011;2.77
16/02/2011;2.76
17/02/2011;2.78
18/02/2011;2.81
21/02/2011;
22/02/2011;2.72
23/02/2011;2.75
24/02/2011;2.73
25/02/2011;2.70
28/02/2011;2.73
01/03/2011;2.75
02/03/2011;2.77
03/03/2011;2.79
04/03/2011;2.81
07/03/2011;2.81
08/03/2011;2.83
09/03/2011;2.78
10/03/2011;2.72
11/03/2011;2.76
14/03/2011;2.75
15/03/2011;2.70
16/03/2011;2.64
17/03/2011;2.65
18/03/2011;2.67
21/03/2011;2.67
22/03/2011;2.66
23/03/2011;2.67
24/03/2011;2.70
25/03/2011;2.67
28/03/2011;2.66
29/03/2011;2.69
30/03/2011;2.67
31/03/2011;2.67
01/04/2011;2.66
04/04/2011;2.68
05/04/2011;2.66
06/04/2011;2.71
07/04/2011;2.77
08/04/2011;2.76
11/04/2011;2.74
12/04/2011;2.75
13/04/2011;2.74
14/04/2011;2.74
15/04/2011;2.72
18/04/2011;2.71
19/04/2011;2.71
20/04/2011;2.74
21/04/2011;2.74
22/04/2011;
25/04/2011;2.72
26/04/2011;2.69
27/04/2011;2.74
28/04/2011;2.72
29/04/2011;2.71
02/05/2011;2.70
03/05/2011;2.67
04/05/2011;2.65
05/05/2011;2.60
06/05/2011;2.62
09/05/2011;2.60
10/05/2011;2.64
11/05/2011;2.63
12/05/2011;2.65
13/05/2011;2.61
16/05/2011;2.61
17/05/2011;2.57
18/05/2011;2.60
19/05/2011;2.62
20/05/2011;2.60
23/05/2011;2.58
24/05/2011;2.56
25/05/2011;2.59
26/05/2011;2.59
27/05/2011;2.59
30/05/2011;
31/05/2011;2.60
01/06/2011;2.52
02/06/2011;2.59
03/06/2011;2.57
06/06/2011;2.58
07/06/2011;2.62
08/06/2011;2.59
09/06/2011;2.58
10/06/2011;2.58
13/06/2011;2.60
14/06/2011;2.66
15/06/2011;2.60
16/06/2011;2.55
17/06/2011;2.56
20/06/2011;2.59
21/06/2011;2.59
22/06/2011;2.62
23/06/2011;2.58
24/06/2011;2.53
27/06/2011;2.54
28/06/2011;2.57
29/06/2011;2.67
30/06/2011;2.73
01/07/2011;2.72
04/07/2011;
05/07/2011;2.72
06/07/2011;2.69
07/07/2011;2.68
08/07/2011;2.63
11/07/2011;2.57
12/07/2011;2.55
13/07/2011;2.55
14/07/2011;2.60
15/07/2011;2.57
18/07/2011;2.57
19/07/2011;2.52
20/07/2011;2.56
21/07/2011;2.63
22/07/2011;2.59
25/07/2011;2.61
26/07/2011;2.58
27/07/2011;2.57
28/07/2011;2.56
29/07/2011;2.46
01/08/2011;2.39
02/08/2011;2.33
03/08/2011;2.31
04/08/2011;2.20
05/08/2011;2.30
08/08/2011;2.13
09/08/2011;2.01
10/08/2011;1.98
11/08/2011;2.15
12/08/2011;2.04
15/08/2011;2.10
16/08/2011;2.03
17/08/2011;1.98
18/08/2011;1.88
19/08/2011;1.87
22/08/2011;1.88
23/08/2011;1.93
24/08/2011;2.06
25/08/2011;2.01
26/08/2011;1.99
29/08/2011;2.08
30/08/2011;1.99
31/08/2011;2.03
01/09/2011;1.96
02/09/2011;1.82
05/09/2011;
06/09/2011;1.77
07/09/2011;1.84
08/09/2011;1.81
09/09/2011;1.76
12/09/2011;1.73
13/09/2011;1.79
14/09/2011;1.84
15/09/2011;1.88
16/09/2011;1.90
19/09/2011;1.81
20/09/2011;1.77
21/09/2011;1.67
22/09/2011;1.52
23/09/2011;1.61
26/09/2011;1.66
27/09/2011;1.75
28/09/2011;1.76
29/09/2011;1.72
30/09/2011;1.67
03/10/2011;1.56
04/10/2011;1.56
05/10/2011;1.67
06/10/2011;1.72
07/10/2011;1.80
10/10/2011;
11/10/2011;1.86
12/10/2011;1.95
13/10/2011;1.90
14/10/2011;1.98
17/10/2011;1.90
18/10/2011;1.91
19/10/2011;1.90
20/10/2011;1.92
21/10/2011;1.93
24/10/2011;1.95
25/10/2011;1.88
26/10/2011;1.95
27/10/2011;2.11
28/10/2011;2.06
31/10/2011;1.92
01/11/2011;1.78
02/11/2011;1.80
03/11/2011;1.85
04/11/2011;1.84
07/11/2011;1.79
08/11/2011;1.85
09/11/2011;1.76
10/11/2011;1.80
11/11/2011;
14/11/2011;1.80
15/11/2011;1.80
16/11/2011;1.75
17/11/2011;1.69
18/11/2011;1.72
21/11/2011;1.70
22/11/2011;1.68
23/11/2011;1.63
24/11/2011;
25/11/2011;1.69
28/11/2011;1.71
29/11/2011;1.73
30/11/2011;1.83
01/12/2011;1.84
02/12/2011;1.80
05/12/2011;1.77
06/12/2011;1.83
07/12/2011;1.78
08/12/2011;1.77
09/12/2011;1.85
12/12/2011;1.79
13/12/2011;1.72
14/12/2011;1.67
15/12/2011;1.66
16/12/2011;1.62
19/12/2011;1.58
20/12/2011;1.68
21/12/2011;1.70
22/12/2011;1.69
23/12/2011;1.75
26/12/2011;
27/12/2011;1.72
28/12/2011;1.65
29/12/2011;1.63
30/12/2011;1.64
02/01/2012;
03/01/2012;1.70
04/01/2012;1.75
05/01/2012;1.75
06/01/2012;1.73
09/01/2012;1.72
10/01/2012;1.76
11/01/2012;1.69
12/01/2012;1.72
13/01/2012;1.65
16/01/2012;
17/01/2012;1.66
18/01/2012;1.68
19/01/2012;1.75
20/01/2012;1.79
23/01/2012;1.83
24/01/2012;1.84
25/01/2012;1.79
26/01/2012;1.74
27/01/2012;1.71
30/01/2012;1.65
31/01/2012;1.61
01/02/2012;1.64
02/02/2012;1.63
03/02/2012;1.74
06/02/2012;1.69
07/02/2012;1.75
08/02/2012;1.74
09/02/2012;1.77
10/02/2012;1.69
13/02/2012;1.70
14/02/2012;1.63
15/02/2012;1.64
16/02/2012;1.70
17/02/2012;1.72
20/02/2012;
21/02/2012;1.74
22/02/2012;1.72
23/02/2012;1.68
24/02/2012;1.67
27/02/2012;1.62
28/02/2012;1.64
29/02/2012;1.68
01/03/2012;1.73
02/03/2012;1.71
05/03/2012;1.69
06/03/2012;1.66
07/03/2012;1.68
08/03/2012;1.71
09/03/2012;1.71
12/03/2012;1.71
13/03/2012;1.79
14/03/2012;1.89
15/03/2012;1.92
16/03/2012;1.94
19/03/2012;2.00
20/03/2012;1.97
21/03/2012;1.92
22/03/2012;1.92
23/03/2012;1.88
26/03/2012;1.90
27/03/2012;1.87
28/03/2012;1.87
29/03/2012;1.85
30/03/2012;1.90
02/04/2012;1.89
03/04/2012;1.94
04/04/2012;1.90
05/04/2012;1.84
06/04/2012;1.75
09/04/2012;1.74
10/04/2012;1.73
11/04/2012;1.75
12/04/2012;1.79
13/04/2012;1.75
16/04/2012;1.73
17/04/2012;1.76
18/04/2012;1.73
19/04/2012;1.71
20/04/2012;1.70
23/04/2012;1.69
24/04/2012;1.73
25/04/2012;1.75
26/04/2012;1.72
27/04/2012;1.70
30/04/2012;1.68
01/05/2012;1.71
02/05/2012;1.69
03/05/2012;1.68
04/05/2012;1.64
07/05/2012;1.65
08/05/2012;1.61
09/05/2012;1.60
10/05/2012;1.62
11/05/2012;1.57
14/05/2012;1.49
15/05/2012;1.47
16/05/2012;1.46
17/05/2012;1.38
18/05/2012;1.39
21/05/2012;1.45
22/05/2012;1.49
23/05/2012;1.45
24/05/2012;1.48
25/05/2012;1.45
28/05/2012;
29/05/2012;1.44
30/05/2012;1.36
31/05/2012;1.32
01/06/2012;1.22
04/06/2012;1.28
05/06/2012;1.32
06/06/2012;1.40
07/06/2012;1.39
08/06/2012;1.37
11/06/2012;1.33
12/06/2012;1.37
13/06/2012;1.31
14/06/2012;1.34
15/06/2012;1.31
18/06/2012;1.30
19/06/2012;1.34
20/06/2012;1.33
21/06/2012;1.31
22/06/2012;1.38
25/06/2012;1.32
26/06/2012;1.35
27/06/2012;1.34
28/06/2012;1.29
29/06/2012;1.34
02/07/2012;1.31
03/07/2012;1.35
04/07/2012;
05/07/2012;1.34
06/07/2012;1.30
09/07/2012;1.26
10/07/2012;1.26
11/07/2012;1.27
12/07/2012;1.25
13/07/2012;1.27
16/07/2012;1.26
17/07/2012;1.28
18/07/2012;1.30
19/07/2012;1.32
20/07/2012;1.27
23/07/2012;1.25
24/07/2012;1.22
25/07/2012;1.21
26/07/2012;1.22
27/07/2012;1.33
30/07/2012;1.30
31/07/2012;1.28
01/08/2012;1.32
02/08/2012;1.27
03/08/2012;1.36
06/08/2012;1.35
07/08/2012;1.39
08/08/2012;1.39
09/08/2012;1.40
10/08/2012;1.38
13/08/2012;1.38
14/08/2012;1.46
15/08/2012;1.53
16/08/2012;1.54
17/08/2012;1.52
20/08/2012;1.53
21/08/2012;1.49
22/08/2012;1.45
23/08/2012;1.42
24/08/2012;1.40
27/08/2012;1.37
28/08/2012;1.37
29/08/2012;1.39
30/08/2012;1.36
31/08/2012;1.35
03/09/2012;
04/09/2012;1.36
05/09/2012;1.35
06/09/2012;1.41
07/09/2012;1.42
10/09/2012;1.43
11/09/2012;1.45
12/09/2012;1.52
13/09/2012;1.51
14/09/2012;1.61
17/09/2012;1.60
18/09/2012;1.57
19/09/2012;1.52
20/09/2012;1.53
21/09/2012;1.50
24/09/2012;1.47
25/09/2012;1.43
26/09/2012;1.38
27/09/2012;1.41
28/09/2012;1.42
01/10/2012;1.39
02/10/2012;1.41
03/10/2012;1.41
04/10/2012;1.47
05/10/2012;1.48
08/10/2012;
09/10/2012;1.49
10/10/2012;1.45
11/10/2012;1.42
12/10/2012;1.42
15/10/2012;1.43
16/10/2012;1.48
17/10/2012;1.53
18/10/2012;1.57
19/10/2012;1.49
22/10/2012;1.51
23/10/2012;1.50
24/10/2012;1.51
25/10/2012;1.55
26/10/2012;1.48
29/10/2012;1.44
30/10/2012;
31/10/2012;1.42
01/11/2012;1.45
02/11/2012;1.47
05/11/2012;1.44
06/11/2012;1.48
07/11/2012;1.41
08/11/2012;1.35
09/11/2012;1.34
12/11/2012;
13/11/2012;1.32
14/11/2012;1.34
15/11/2012;1.34
16/11/2012;1.34
19/11/2012;1.36
20/11/2012;1.39
21/11/2012;1.42
22/11/2012;
23/11/2012;1.41
26/11/2012;1.39
27/11/2012;1.37
28/11/2012;1.36
29/11/2012;1.37
30/11/2012;1.37
03/12/2012;1.38
04/12/2012;1.37
05/12/2012;1.35
06/12/2012;1.34
07/12/2012;1.39
10/12/2012;1.39
11/12/2012;1.42
12/12/2012;1.47
13/12/2012;1.47
14/12/2012;1.48
17/12/2012;1.53
18/12/2012;1.56
19/12/2012;1.54
20/12/2012;1.53
21/12/2012;1.51
24/12/2012;1.53
25/12/2012;
26/12/2012;1.51
27/12/2012;1.48
28/12/2012;1.46
31/12/2012;1.53
01/01/2013;
02/01/2013;1.59
03/01/2013;1.65
04/01/2013;1.66
07/01/2013;1.65
08/01/2013;1.64
09/01/2013;1.64
10/01/2013;1.65
11/01/2013;1.63
14/01/2013;1.63
15/01/2013;1.60
16/01/2013;1.58
17/01/2013;1.61
18/01/2013;1.61
21/01/2013;
22/01/2013;1.60
23/01/2013;1.60
24/01/2013;1.65
25/01/2013;1.70
28/01/2013;1.71
29/01/2013;1.73
30/01/2013;1.76
31/01/2013;1.75
01/02/2013;1.77
04/02/2013;1.75
05/02/2013;1.77
06/02/2013;1.73
07/02/2013;1.74
08/02/2013;1.74
11/02/2013;1.72
12/02/2013;1.73
13/02/2013;1.76
14/02/2013;1.73
15/02/2013;1.72
18/02/2013;
19/02/2013;1.74
20/02/2013;1.75
21/02/2013;1.73
22/02/2013;1.70
25/02/2013;1.63
26/02/2013;1.63
27/02/2013;1.64
28/02/2013;1.64
01/03/2013;1.61
04/03/2013;1.64
05/03/2013;1.65
06/03/2013;1.70
07/03/2013;1.75
08/03/2013;1.79
11/03/2013;1.80
12/03/2013;1.76
13/03/2013;1.77
14/03/2013;1.77
15/03/2013;1.76
18/03/2013;1.70
19/03/2013;1.68
20/03/2013;1.70
21/03/2013;1.68
22/03/2013;1.67
25/03/2013;1.69
26/03/2013;1.67
27/03/2013;1.62
28/03/2013;1.62
29/03/2013;
01/04/2013;1.63
02/04/2013;1.63
03/04/2013;1.59
04/04/2013;1.56
05/04/2013;1.48
08/04/2013;1.52
09/04/2013;1.54
10/04/2013;1.60
11/04/2013;1.58
12/04/2013;1.53
15/04/2013;1.50
16/04/2013;1.51
17/04/2013;1.49
18/04/2013;1.48
19/04/2013;1.49
22/04/2013;1.48
23/04/2013;1.51
24/04/2013;1.50
25/04/2013;1.51
26/04/2013;1.48
29/04/2013;1.50
30/04/2013;1.48
01/05/2013;1.46
02/05/2013;1.46
03/05/2013;1.56
06/05/2013;1.58
07/05/2013;1.60
08/05/2013;1.59
09/05/2013;1.59
10/05/2013;1.64
13/05/2013;1.68
14/05/2013;1.70
15/05/2013;1.68
16/05/2013;1.64
17/05/2013;1.69
20/05/2013;1.71
21/05/2013;1.68
22/05/2013;1.77
23/05/2013;1.76
24/05/2013;1.75
27/05/2013;
28/05/2013;1.86
29/05/2013;1.83
30/05/2013;1.82
31/05/2013;1.86
03/06/2013;1.83
04/06/2013;1.82
05/06/2013;1.80
06/06/2013;1.78
07/06/2013;1.85
10/06/2013;1.90
11/06/2013;1.86
12/06/2013;1.91
13/06/2013;1.87
14/06/2013;1.85
17/06/2013;1.92
18/06/2013;1.93
19/06/2013;2.02
20/06/2013;2.08
21/06/2013;2.14
24/06/2013;2.15
25/06/2013;2.17
26/06/2013;2.16
27/06/2013;2.13
28/06/2013;2.16
01/07/2013;2.16
02/07/2013;2.14
03/07/2013;2.16
04/07/2013;
05/07/2013;2.33
08/07/2013;2.28
09/07/2013;2.28
10/07/2013;2.32
11/07/2013;2.26
12/07/2013;2.24
15/07/2013;2.23
16/07/2013;2.21
17/07/2013;2.20
18/07/2013;2.24
19/07/2013;2.18
22/07/2013;2.18
23/07/2013;2.20
24/07/2013;2.27
25/07/2013;2.29
26/07/2013;2.27
29/07/2013;2.28
30/07/2013;2.30
31/07/2013;2.29
01/08/2013;2.39
02/08/2013;2.33
05/08/2013;2.35
06/08/2013;2.35
07/08/2013;2.29
08/08/2013;2.28
09/08/2013;2.25
12/08/2013;2.29
13/08/2013;2.37
14/08/2013;2.37
15/08/2013;2.41
16/08/2013;2.48
19/08/2013;2.52
20/08/2013;2.46
21/08/2013;2.49
22/08/2013;2.48
23/08/2013;2.42
26/08/2013;2.38
27/08/2013;2.34
28/08/2013;2.38
29/08/2013;2.36
30/08/2013;2.39
02/09/2013;
03/09/2013;2.43
04/09/2013;2.44
05/09/2013;2.46
06/09/2013;2.48
09/09/2013;2.45
10/09/2013;2.46
11/09/2013;2.46
12/09/2013;2.47
13/09/2013;2.45
16/09/2013;2.47
17/09/2013;2.47
18/09/2013;2.35
19/09/2013;2.42
20/09/2013;2.41
23/09/2013;2.37
24/09/2013;2.32
25/09/2013;2.27
26/09/2013;2.32
27/09/2013;2.30
30/09/2013;2.31
01/10/2013;2.33
02/10/2013;2.32
03/10/2013;2.29
04/10/2013;2.33
07/10/2013;2.28
08/10/2013;2.26
09/10/2013;2.31
10/10/2013;2.36
11/10/2013;2.35
14/10/2013;
15/10/2013;2.38
16/10/2013;2.35
17/10/2013;2.28
18/10/2013;2.27
21/10/2013;2.30
22/10/2013;2.23
23/10/2013;2.20
24/10/2013;2.20
25/10/2013;2.21
28/10/2013;2.22
29/10/2013;2.22
30/10/2013;2.22
31/10/2013;2.26
01/11/2013;2.32
04/11/2013;2.31
05/11/2013;2.37
06/11/2013;2.37
07/11/2013;2.34
08/11/2013;2.45
11/11/2013;
12/11/2013;2.46
13/11/2013;2.43
14/11/2013;2.40
15/11/2013;2.40
18/11/2013;2.36
19/11/2013;2.42
20/11/2013;2.52
21/11/2013;2.50
22/11/2013;2.44
25/11/2013;2.44
26/11/2013;2.42
27/11/2013;2.46
28/11/2013;
29/11/2013;2.47
02/12/2013;2.51
03/12/2013;2.51
04/12/2013;2.54
05/12/2013;2.58
06/12/2013;2.58
09/12/2013;2.56
10/12/2013;2.51
11/12/2013;2.55
12/12/2013;2.55
13/12/2013;2.54
16/12/2013;2.55
17/12/2013;2.51
18/12/2013;2.57
19/12/2013;2.59
20/12/2013;2.52
23/12/2013;2.56
24/12/2013;2.61
25/12/2013;
26/12/2013;2.58
27/12/2013;2.62
30/12/2013;2.60
31/12/2013;2.66
01/01/2014;
02/01/2014;2.61
03/01/2014;2.60
06/01/2014;2.58
07/01/2014;2.56
08/01/2014;2.58
09/01/2014;2.53
10/01/2014;2.49
13/01/2014;2.45
14/01/2014;2.49
15/01/2014;2.49
16/01/2014;2.45
17/01/2014;2.44
20/01/2014;
21/01/2014;2.45
22/01/2014;2.43
23/01/2014;2.40
24/01/2014;2.38
27/01/2014;2.41
28/01/2014;2.39
29/01/2014;2.33
30/01/2014;2.36
31/01/2014;2.33
03/02/2014;2.31
04/02/2014;2.33
05/02/2014;2.38
06/02/2014;2.40
07/02/2014;2.41
10/02/2014;2.38
11/02/2014;2.40
12/02/2014;2.45
13/02/2014;2.41
14/02/2014;2.43
17/02/2014;
18/02/2014;2.40
19/02/2014;2.40
20/02/2014;2.42
21/02/2014;2.40
24/02/2014;2.40
25/02/2014;2.36
26/02/2014;2.34
27/02/2014;2.32
28/02/2014;2.33
03/03/2014;2.28
04/03/2014;2.37
05/03/2014;2.37
06/03/2014;2.37
07/03/2014;2.42
10/03/2014;2.42
11/03/2014;2.40
12/03/2014;2.36
13/03/2014;2.32
14/03/2014;2.29
17/03/2014;2.32
18/03/2014;2.32
19/03/2014;2.31
20/03/2014;2.34
21/03/2014;2.30
24/03/2014;2.27
25/03/2014;2.28
26/03/2014;2.26
27/03/2014;2.24
28/03/2014;2.28
31/03/2014;2.29
01/04/2014;2.33
02/04/2014;2.35
03/04/2014;2.34
04/04/2014;2.31
07/04/2014;2.30
08/04/2014;2.29
09/04/2014;2.34
10/04/2014;2.28
11/04/2014;2.26
14/04/2014;2.28
15/04/2014;2.25
16/04/2014;2.26
17/04/2014;2.30
18/04/2014;
21/04/2014;2.31
22/04/2014;2.28
23/04/2014;2.27
24/04/2014;2.27
25/04/2014;2.25
28/04/2014;2.26
29/04/2014;2.27
30/04/2014;2.25
01/05/2014;2.22
02/05/2014;2.18
05/05/2014;2.20
06/05/2014;2.18
07/05/2014;2.21
08/05/2014;2.21
09/05/2014;2.22
12/05/2014;2.25
13/05/2014;2.22
14/05/2014;2.15
15/05/2014;2.12
16/05/2014;2.14
19/05/2014;2.18
20/05/2014;2.17
21/05/2014;2.17
22/05/2014;2.19
23/05/2014;2.17
26/05/2014;
27/05/2014;2.13
28/05/2014;2.07
29/05/2014;2.08
30/05/2014;2.11
02/06/2014;2.15
03/06/2014;2.19
04/06/2014;2.20
05/06/2014;2.19
06/06/2014;2.19
09/06/2014;2.19
10/06/2014;2.19
11/06/2014;2.21
12/06/2014;2.16
13/06/2014;2.15
16/06/2014;2.12
17/06/2014;2.15
18/06/2014;2.13
19/06/2014;2.16
20/06/2014;2.13
23/06/2014;2.15
24/06/2014;2.10
25/06/2014;2.09
26/06/2014;2.07
27/06/2014;2.09
30/06/2014;2.06
01/07/2014;2.11
02/07/2014;2.15
03/07/2014;2.13
04/07/2014;
07/07/2014;2.11
08/07/2014;2.07
09/07/2014;2.06
10/07/2014;2.09
11/07/2014;2.05
14/07/2014;2.07
15/07/2014;2.07
16/07/2014;2.05
17/07/2014;2.00
18/07/2014;1.99
21/07/2014;1.98
22/07/2014;1.99
23/07/2014;1.98
24/07/2014;1.99
25/07/2014;1.95
28/07/2014;1.96
29/07/2014;1.93
30/07/2014;2.01
31/07/2014;2.05
01/08/2014;2.05
04/08/2014;2.04
05/08/2014;2.02
06/08/2014;2.01
07/08/2014;1.99
08/08/2014;1.99
11/08/2014;1.97
12/08/2014;2.01
13/08/2014;2.00
14/08/2014;1.98
15/08/2014;1.92
18/08/2014;1.95
19/08/2014;1.94
20/08/2014;1.94
21/08/2014;1.92
22/08/2014;1.87
25/08/2014;1.86
26/08/2014;1.87
27/08/2014;1.86
28/08/2014;1.84
29/08/2014;1.87
01/09/2014;
02/09/2014;1.89
03/09/2014;1.89
04/09/2014;1.91
05/09/2014;1.94
08/09/2014;1.94
09/09/2014;1.94
10/09/2014;1.96
11/09/2014;1.96
12/09/2014;2.04
15/09/2014;2.02
16/09/2014;2.05
17/09/2014;2.03
18/09/2014;2.04
19/09/2014;2.00
22/09/2014;1.99
23/09/2014;1.97
24/09/2014;1.98
25/09/2014;1.96
26/09/2014;1.95
29/09/2014;1.92
30/09/2014;1.94
01/10/2014;1.89
02/10/2014;1.91
03/10/2014;1.88
06/10/2014;1.89
07/10/2014;1.84
08/10/2014;1.89
09/10/2014;1.88
10/10/2014;1.86
13/10/2014;
14/10/2014;1.82
15/10/2014;1.81
16/10/2014;1.82
17/10/2014;1.83
20/10/2014;1.83
21/10/2014;1.85
22/10/2014;1.84
23/10/2014;1.88
24/10/2014;1.88
27/10/2014;1.86
28/10/2014;1.88
29/10/2014;1.86
30/10/2014;1.84
31/10/2014;1.85
03/11/2014;1.84
04/11/2014;1.83
05/11/2014;1.84
06/11/2014;1.85
07/11/2014;1.81
10/11/2014;1.83
11/11/2014;
12/11/2014;1.82
13/11/2014;1.82
14/11/2014;1.78
17/11/2014;1.80
18/11/2014;1.79
19/11/2014;1.82
20/11/2014;1.81
21/11/2014;1.78
24/11/2014;1.77
25/11/2014;1.76
26/11/2014;1.71
27/11/2014;
28/11/2014;1.71
01/12/2014;1.73
02/12/2014;1.73
03/12/2014;1.72
04/12/2014;1.70
05/12/2014;1.66
08/12/2014;1.62
09/12/2014;1.58
10/12/2014;1.59
11/12/2014;1.57
12/12/2014;1.54
15/12/2014;1.52
16/12/2014;1.49
17/12/2014;1.52
18/12/2014;1.55
19/12/2014;1.50
22/12/2014;1.46
23/12/2014;1.53
24/12/2014;1.54
25/12/2014;
26/12/2014;1.52
29/12/2014;1.50
30/12/2014;1.51
31/12/2014;1.50
01/01/2015;
02/01/2015;1.46
05/01/2015;1.36
06/01/2015;1.32
07/01/2015;1.34
08/01/2015;1.41
09/01/2015;1.39
12/01/2015;1.36
13/01/2015;1.37
14/01/2015;1.35
15/01/2015;1.33
16/01/2015;1.34
19/01/2015;
20/01/2015;1.29
21/01/2015;1.34
22/01/2015;1.37
23/01/2015;1.29
26/01/2015;1.29
27/01/2015;1.29
28/01/2015;1.23
29/01/2015;1.26
30/01/2015;1.21
02/02/2015;1.19
03/02/2015;1.27
04/02/2015;1.29
05/02/2015;1.31
06/02/2015;1.30
09/02/2015;1.31
10/02/2015;1.34
11/02/2015;1.33
12/02/2015;1.38
13/02/2015;1.36
16/02/2015;
17/02/2015;1.44
18/02/2015;1.45
19/02/2015;1.44
20/02/2015;1.46
23/02/2015;1.42
24/02/2015;1.39
25/02/2015;1.35
26/02/2015;1.37
27/02/2015;1.37
02/03/2015;1.42
03/03/2015;1.44
04/03/2015;1.46
05/03/2015;1.46
06/03/2015;1.51
09/03/2015;1.50
10/03/2015;1.44
11/03/2015;1.41
12/03/2015;1.43
13/03/2015;1.45
16/03/2015;1.44
17/03/2015;1.36
18/03/2015;1.36
19/03/2015;1.35
20/03/2015;1.33
23/03/2015;1.32
24/03/2015;1.30
25/03/2015;1.34
26/03/2015;1.40
27/03/2015;1.37
30/03/2015;1.38
31/03/2015;1.38
01/04/2015;1.32
02/04/2015;1.37
03/04/2015;1.36
06/04/2015;1.41
07/04/2015;1.37
08/04/2015;1.38
09/04/2015;1.41
10/04/2015;1.39
13/04/2015;1.40
14/04/2015;1.37
15/04/2015;1.40
16/04/2015;1.40
17/04/2015;1.36
20/04/2015;1.35
21/04/2015;1.37
22/04/2015;1.42
23/04/2015;1.41
24/04/2015;1.39
27/04/2015;1.40
28/04/2015;1.44
29/04/2015;1.50
30/04/2015;1.47
01/05/2015;1.52
04/05/2015;1.56
05/05/2015;1.57
06/05/2015;1.60
07/05/2015;1.55
08/05/2015;1.57
11/05/2015;1.66
12/05/2015;1.67
13/05/2015;1.68
14/05/2015;1.67
15/05/2015;1.59
18/05/2015;1.65
19/05/2015;1.64
20/05/2015;1.66
21/05/2015;1.59
22/05/2015;1.57
25/05/2015;
26/05/2015;1.50
27/05/2015;1.50
28/05/2015;1.51
29/05/2015;1.51
01/06/2015;1.55
02/06/2015;1.63
03/06/2015;1.69
04/06/2015;1.65
05/06/2015;1.68
08/06/2015;1.69
09/06/2015;1.70
10/06/2015;1.75
11/06/2015;1.66
12/06/2015;1.65
15/06/2015;1.64
16/06/2015;1.61
17/06/2015;1.65
18/06/2015;1.69
19/06/2015;1.61
22/06/2015;1.69
23/06/2015;1.72
24/06/2015;1.70
25/06/2015;1.72
26/06/2015;1.77
29/06/2015;1.69
30/06/2015;1.71
01/07/2015;1.74
02/07/2015;1.76
03/07/2015;
06/07/2015;1.70
07/07/2015;1.69
08/07/2015;1.67
09/07/2015;1.72
10/07/2015;1.77
13/07/2015;1.75
14/07/2015;1.75
15/07/2015;1.72
16/07/2015;1.69
17/07/2015;1.66
20/07/2015;1.67
21/07/2015;1.64
22/07/2015;1.58
23/07/2015;1.57
24/07/2015;1.57
27/07/2015;1.55
28/07/2015;1.57
29/07/2015;1.59
30/07/2015;1.56
31/07/2015;1.53
03/08/2015;1.48
04/08/2015;1.49
05/08/2015;1.55
06/08/2015;1.52
07/08/2015;1.45
10/08/2015;1.51
11/08/2015;1.47
12/08/2015;1.47
13/08/2015;1.47
14/08/2015;1.47
17/08/2015;1.44
18/08/2015;1.46
19/08/2015;1.45
20/08/2015;1.40
21/08/2015;1.41
24/08/2015;1.42
25/08/2015;1.45
26/08/2015;1.51
27/08/2015;1.50
28/08/2015;1.47
31/08/2015;1.47
01/09/2015;1.47
02/09/2015;1.48
03/09/2015;1.47
04/09/2015;1.42
07/09/2015;
08/09/2015;1.46
09/09/2015;1.46
10/09/2015;1.48
11/09/2015;1.49
14/09/2015;1.45
15/09/2015;1.46
16/09/2015;1.48
17/09/2015;1.51
18/09/2015;1.44
21/09/2015;1.48
22/09/2015;1.45
23/09/2015;1.46
24/09/2015;1.46
25/09/2015;1.47
28/09/2015;1.43
29/09/2015;1.41
30/09/2015;1.42
01/10/2015;1.41
02/10/2015;1.41
05/10/2015;1.46
06/10/2015;1.44
07/10/2015;1.43
08/10/2015;1.47
09/10/2015;1.47
12/10/2015;
13/10/2015;1.42
14/10/2015;1.42
15/10/2015;1.43
16/10/2015;1.43
19/10/2015;1.43
20/10/2015;1.42
21/10/2015;1.40
22/10/2015;1.43
23/10/2015;1.43
26/10/2015;1.41
27/10/2015;1.40
28/10/2015;1.37
29/10/2015;1.44
30/10/2015;1.41
02/11/2015;1.43
03/11/2015;1.43
04/11/2015;1.41
05/11/2015;1.41
06/11/2015;1.44
09/11/2015;1.47
10/11/2015;1.45
11/11/2015;
12/11/2015;1.43
13/11/2015;1.42
16/11/2015;1.39
17/11/2015;1.39
18/11/2015;1.37
19/11/2015;1.33
20/11/2015;1.33
23/11/2015;1.31
24/11/2015;1.31
25/11/2015;1.30
26/11/2015;
27/11/2015;1.30
30/11/2015;1.27
01/12/2015;1.24
02/12/2015;1.24
03/12/2015;1.37
04/12/2015;1.32
07/12/2015;1.29
08/12/2015;1.30
09/12/2015;1.29
10/12/2015;1.29
11/12/2015;1.25
14/12/2015;1.26
15/12/2015;1.30
16/12/2015;1.28
17/12/2015;1.24
18/12/2015;1.22
21/12/2015;1.24
22/12/2015;1.25
23/12/2015;1.26
24/12/2015;1.22
25/12/2015;
28/12/2015;1.19
29/12/2015;1.23
30/12/2015;1.23
31/12/2015;1.21
01/01/2016;
04/01/2016;1.22
05/01/2016;1.21
06/01/2016;1.19
07/01/2016;1.20
08/01/2016;1.19
11/01/2016;1.23
12/01/2016;1.19
13/01/2016;1.17
14/01/2016;1.20
15/01/2016;1.18
18/01/2016;
19/01/2016;1.18
20/01/2016;1.16
21/01/2016;1.18
22/01/2016;1.19
25/01/2016;1.15
26/01/2016;1.16
27/01/2016;1.18
28/01/2016;1.17
29/01/2016;1.18
01/02/2016;1.16
02/02/2016;1.12
03/02/2016;1.16
04/02/2016;1.17
05/02/2016;1.12
08/02/2016;1.09
09/02/2016;1.05
10/02/2016;1.00
11/02/2016;0.99
12/02/2016;1.03
15/02/2016;
16/02/2016;1.04
17/02/2016;1.07
18/02/2016;1.04
19/02/2016;1.00
22/02/2016;0.99
23/02/2016;0.98
24/02/2016;1.00
25/02/2016;0.99
26/02/2016;0.96
29/02/2016;0.96
01/03/2016;0.98
02/03/2016;0.99
03/03/2016;0.98
04/03/2016;1.00
07/03/2016;1.00
08/03/2016;0.95
09/03/2016;1.00
10/03/2016;1.00
11/03/2016;1.01
14/03/2016;1.00
15/03/2016;0.99
16/03/2016;1.07
17/03/2016;1.04
18/03/2016;1.04
21/03/2016;1.05
22/03/2016;1.03
23/03/2016;1.01
24/03/2016;1.02
25/03/2016;
28/03/2016;1.00
29/03/2016;1.03
30/03/2016;1.07
31/03/2016;1.05
01/04/2016;1.03
04/04/2016;1.03
05/04/2016;1.01
06/04/2016;1.03
07/04/2016;1.00
08/04/2016;1.02
11/04/2016;1.03
12/04/2016;1.05
13/04/2016;1.02
14/04/2016;1.03
15/04/2016;1.02
18/04/2016;1.03
19/04/2016;1.02
20/04/2016;1.05
21/04/2016;1.06
22/04/2016;1.05
25/04/2016;1.06
26/04/2016;1.08
27/04/2016;1.04
28/04/2016;1.06
29/04/2016;1.06
02/05/2016;1.08
03/05/2016;1.06
04/05/2016;1.04
05/05/2016;1.04
06/05/2016;1.05
09/05/2016;1.05
10/05/2016;1.05
11/05/2016;0.99
12/05/2016;0.99
13/05/2016;0.95
16/05/2016;0.96
17/05/2016;0.94
18/05/2016;0.97
19/05/2016;0.96
20/05/2016;0.96
23/05/2016;0.93
24/05/2016;0.94
25/05/2016;0.95
26/05/2016;0.96
27/05/2016;0.95
30/05/2016;
31/05/2016;0.97
01/06/2016;0.94
02/06/2016;0.92
03/06/2016;0.93
06/06/2016;0.93
07/06/2016;0.94
08/06/2016;0.93
09/06/2016;0.91
10/06/2016;0.91
13/06/2016;0.89
14/06/2016;0.88
15/06/2016;0.91
16/06/2016;0.87
17/06/2016;0.92
20/06/2016;0.93
21/06/2016;0.95
22/06/2016;0.94
23/06/2016;0.96
24/06/2016;0.93
27/06/2016;0.85
28/06/2016;0.85
29/06/2016;0.88
30/06/2016;0.91
01/07/2016;0.87
04/07/2016;
05/07/2016;0.81
06/07/2016;0.80
07/07/2016;0.82
08/07/2016;0.76
11/07/2016;0.77
12/07/2016;0.84
13/07/2016;0.80
14/07/2016;0.85
15/07/2016;0.89
18/07/2016;0.91
19/07/2016;0.86
20/07/2016;0.86
21/07/2016;0.87
22/07/2016;0.86
25/07/2016;0.86
26/07/2016;0.82
27/07/2016;0.79
28/07/2016;0.80
29/07/2016;0.79
01/08/2016;0.84
02/08/2016;0.88
03/08/2016;0.88
04/08/2016;0.87
05/08/2016;0.87
08/08/2016;0.85
09/08/2016;0.84
10/08/2016;0.81
11/08/2016;0.81
12/08/2016;0.80
15/08/2016;0.83
16/08/2016;0.81
17/08/2016;0.82
18/08/2016;0.82
19/08/2016;0.82
22/08/2016;0.79
23/08/2016;0.81
24/08/2016;0.80
25/08/2016;0.80
26/08/2016;0.78
29/08/2016;0.76
30/08/2016;0.77
31/08/2016;0.78
01/09/2016;0.79
02/09/2016;0.80
05/09/2016;
06/09/2016;0.81
07/09/2016;0.80
08/09/2016;0.83
09/09/2016;0.88
12/09/2016;0.89
13/09/2016;0.93
14/09/2016;0.93
15/09/2016;0.97
16/09/2016;0.93
19/09/2016;0.91
20/09/2016;0.90
21/09/2016;0.87
22/09/2016;0.84
23/09/2016;0.85
26/09/2016;0.83
27/09/2016;0.81
28/09/2016;0.82
29/09/2016;0.83
30/09/2016;0.83
03/10/2016;0.83
04/10/2016;0.87
05/10/2016;0.87
06/10/2016;0.89
07/10/2016;0.90
10/10/2016;
11/10/2016;0.90
12/10/2016;0.92
13/10/2016;0.90
14/10/2016;0.96
17/10/2016;0.96
18/10/2016;0.93
19/10/2016;0.95
20/10/2016;0.92
21/10/2016;0.90
24/10/2016;0.93
25/10/2016;0.91
26/10/2016;0.93
27/10/2016;0.98
28/10/2016;1.00
31/10/2016;0.98
01/11/2016;1.00
02/11/2016;1.00
03/11/2016;1.01
04/11/2016;0.99
07/11/2016;1.01
08/11/2016;1.01
09/11/2016;1.17
10/11/2016;1.23
11/11/2016;
14/11/2016;1.23
15/11/2016;1.21
16/11/2016;1.22
17/11/2016;1.25
18/11/2016;1.27
21/11/2016;1.25
22/11/2016;1.24
23/11/2016;1.24
24/11/2016;
25/11/2016;1.24
28/11/2016;1.21
29/11/2016;1.21
30/11/2016;1.26
01/12/2016;1.31
02/12/2016;1.29
05/12/2016;1.26
06/12/2016;1.27
07/12/2016;1.24
08/12/2016;1.28
09/12/2016;1.32
12/12/2016;1.34
13/12/2016;1.31
14/12/2016;1.27
15/12/2016;1.31
16/12/2016;1.32
19/12/2016;1.30
20/12/2016;1.32
21/12/2016;1.34
22/12/2016;1.33
23/12/2016;1.33
26/12/2016;
27/12/2016;1.29
28/12/2016;1.25
29/12/2016;1.27
30/12/2016;1.25
02/01/2017;
03/01/2017;1.23
04/01/2017;1.22
05/01/2017;1.20
06/01/2017;1.20
09/01/2017;1.17
10/01/2017;1.19
11/01/2017;1.18
12/01/2017;1.18
13/01/2017;1.19
16/01/2017;
17/01/2017;1.16
18/01/2017;1.19
19/01/2017;1.22
20/01/2017;1.28
23/01/2017;1.25
24/01/2017;1.26
25/01/2017;1.30
26/01/2017;1.30
27/01/2017;1.27
30/01/2017;1.27
31/01/2017;1.26
01/02/2017;1.26
02/02/2017;1.27
03/02/2017;1.28
06/02/2017;1.26
07/02/2017;1.24
08/02/2017;1.19
09/02/2017;1.20
10/02/2017;1.21
13/02/2017;1.23
14/02/2017;1.22
15/02/2017;1.24
16/02/2017;1.23
17/02/2017;1.21
20/02/2017;
21/02/2017;1.21
22/02/2017;1.20
23/02/2017;1.20
24/02/2017;1.19
27/02/2017;1.16
28/02/2017;1.14
01/03/2017;1.17
02/03/2017;1.17
03/03/2017;1.17
06/03/2017;1.18
07/03/2017;1.20
08/03/2017;1.21
09/03/2017;1.23
10/03/2017;1.22
13/03/2017;1.22
14/03/2017;1.20
15/03/2017;1.18
16/03/2017;1.18
17/03/2017;1.17
20/03/2017;1.17
21/03/2017;1.16
22/03/2017;1.13
23/03/2017;1.15
24/03/2017;1.14
27/03/2017;1.11
28/03/2017;1.12
29/03/2017;1.13
30/03/2017;1.14
31/03/2017;1.13
03/04/2017;1.11
04/04/2017;1.11
05/04/2017;1.10
06/04/2017;1.10
07/04/2017;1.09
10/04/2017;1.08
11/04/2017;1.08
12/04/2017;1.04
13/04/2017;1.03
14/04/2017;
17/04/2017;1.05
18/04/2017;1.00
19/04/2017;1.02
20/04/2017;1.03
21/04/2017;1.04
24/04/2017;1.03
25/04/2017;1.06
26/04/2017;1.04
27/04/2017;1.05
28/04/2017;1.01
01/05/2017;1.05
02/05/2017;1.02
03/05/2017;1.03
04/05/2017;1.04
05/05/2017;1.04
08/05/2017;1.06
09/05/2017;1.05
10/05/2017;1.06
11/05/2017;1.04
12/05/2017;1.04
15/05/2017;1.03
16/05/2017;1.04
17/05/2017;0.96
18/05/2017;0.96
19/05/2017;0.95
22/05/2017;0.96
23/05/2017;0.98
24/05/2017;0.97
25/05/2017;0.95
26/05/2017;0.95
29/05/2017;
30/05/2017;0.93
31/05/2017;0.93
01/06/2017;0.93
02/06/2017;0.87
05/06/2017;0.86
06/06/2017;0.84
07/06/2017;0.86
08/06/2017;0.86
09/06/2017;0.86
12/06/2017;0.86
13/06/2017;0.83
14/06/2017;0.80
15/06/2017;0.81
16/06/2017;0.84
19/06/2017;0.83
20/06/2017;0.80
21/06/2017;0.80
22/06/2017;0.81
23/06/2017;0.81
26/06/2017;0.78
27/06/2017;0.83
28/06/2017;0.88
29/06/2017;0.89
30/06/2017;0.93
03/07/2017;0.94
04/07/2017;
05/07/2017;0.92
06/07/2017;0.97
07/07/2017;0.99
10/07/2017;0.98
11/07/2017;1.00
12/07/2017;0.98
13/07/2017;0.98
14/07/2017;0.98
17/07/2017;0.95
18/07/2017;0.91
19/07/2017;0.90
20/07/2017;0.90
21/07/2017;0.88
24/07/2017;0.89
25/07/2017;0.93
26/07/2017;0.93
27/07/2017;0.96
28/07/2017;0.96
31/07/2017;0.96
01/08/2017;0.92
02/08/2017;0.91
03/08/2017;0.90
04/08/2017;0.91
07/08/2017;0.90
08/08/2017;0.93
09/08/2017;0.91
10/08/2017;0.87
11/08/2017;0.89
14/08/2017;0.89
15/08/2017;0.92
16/08/2017;0.90
17/08/2017;0.87
18/08/2017;0.86
21/08/2017;0.86
22/08/2017;0.89
23/08/2017;0.85
24/08/2017;0.86
25/08/2017;0.82
28/08/2017;0.83
29/08/2017;0.80
30/08/2017;0.82
31/08/2017;0.79
01/09/2017;0.81
04/09/2017;
05/09/2017;0.77
06/09/2017;0.80
07/09/2017;0.78
08/09/2017;0.79
11/09/2017;0.82
12/09/2017;0.84
13/09/2017;0.85
14/09/2017;0.83
15/09/2017;0.81
18/09/2017;0.83
19/09/2017;0.84
20/09/2017;0.83
21/09/2017;0.82
22/09/2017;0.80
25/09/2017;0.78
26/09/2017;0.79
27/09/2017;0.84
28/09/2017;0.86
29/09/2017;0.86
02/10/2017;0.85
03/10/2017;0.86
04/10/2017;0.86
05/10/2017;0.86
06/10/2017;0.83
09/10/2017;
10/10/2017;0.84
11/10/2017;0.84
12/10/2017;0.82
13/10/2017;0.77
16/10/2017;0.76
17/10/2017;0.76
18/10/2017;0.75
19/10/2017;0.75
20/10/2017;0.79
23/10/2017;0.80
24/10/2017;0.82
25/10/2017;0.83
26/10/2017;0.83
27/10/2017;0.83
30/10/2017;0.79
31/10/2017;0.78
01/11/2017;0.76
02/11/2017;0.74
03/11/2017;0.71
06/11/2017;0.71
07/11/2017;0.69
08/11/2017;0.67
09/11/2017;0.70
10/11/2017;0.73
13/11/2017;0.70
14/11/2017;0.70
15/11/2017;0.65
16/11/2017;0.65
17/11/2017;0.62
20/11/2017;0.60
21/11/2017;0.59
22/11/2017;0.58
23/11/2017;
24/11/2017;0.59
27/11/2017;0.58
28/11/2017;0.59
29/11/2017;0.59
30/11/2017;0.64
01/12/2017;0.59
04/12/2017;0.57
05/12/2017;0.53
06/12/2017;0.55
07/12/2017;0.57
08/12/2017;0.58
11/12/2017;0.57
12/12/2017;0.57
13/12/2017;0.57
14/12/2017;0.53
15/12/2017;0.51
18/12/2017;0.55
19/12/2017;0.59
20/12/2017;0.62
21/12/2017;0.59
22/12/2017;0.57
25/12/2017;
26/12/2017;0.55
27/12/2017;0.53
28/12/2017;0.52
29/12/2017;0.51
01/01/2018;
02/01/2018;0.54
03/01/2018;0.50
04/01/2018;0.50
05/01/2018;0.51
08/01/2018;0.53
09/01/2018;0.57
10/01/2018;0.57
11/01/2018;0.56
12/01/2018;0.56
15/01/2018;
16/01/2018;0.51
17/01/2018;0.52
18/01/2018;0.57
19/01/2018;0.58
22/01/2018;0.58
23/01/2018;0.57
24/01/2018;0.57
25/01/2018;0.55
26/01/2018;0.53
29/01/2018;0.59
30/01/2018;0.60
31/01/2018;0.58
01/02/2018;0.62
02/02/2018;0.69
05/02/2018;0.69
06/02/2018;0.69
07/02/2018;0.69
08/02/2018;0.72
09/02/2018;0.78
12/02/2018;0.77
13/02/2018;0.73
14/02/2018;0.74
15/02/2018;0.71
16/02/2018;0.66
19/02/2018;
20/02/2018;0.63
21/02/2018;0.68
22/02/2018;0.67
23/02/2018;0.63
26/02/2018;0.64
27/02/2018;0.63
28/02/2018;0.62
01/03/2018;0.59
02/03/2018;0.61
05/03/2018;0.64
06/03/2018;0.63
07/03/2018;0.64
08/03/2018;0.61
09/03/2018;0.63
12/03/2018;0.60
13/03/2018;0.58
14/03/2018;0.55
15/03/2018;0.53
16/03/2018;0.54
19/03/2018;0.54
20/03/2018;0.55
21/03/2018;0.58
22/03/2018;0.54
23/03/2018;0.54
26/03/2018;0.52
27/03/2018;0.52
28/03/2018;0.49
29/03/2018;0.47
30/03/2018;
02/04/2018;0.48
03/04/2018;0.51
04/04/2018;0.51
05/04/2018;0.53
06/04/2018;0.50
09/04/2018;0.49
10/04/2018;0.48
11/04/2018;0.47
12/04/2018;0.49
13/04/2018;0.45
16/04/2018;0.44
17/04/2018;0.41
18/04/2018;0.45
19/04/2018;0.48
20/04/2018;0.50
23/04/2018;0.49
24/04/2018;0.52
25/04/2018;0.54
26/04/2018;0.51
27/04/2018;0.47
30/04/2018;0.46
01/05/2018;0.47
02/05/2018;0.48
03/05/2018;0.45
04/05/2018;0.44
07/05/2018;0.46
08/05/2018;0.46
09/05/2018;0.46
10/05/2018;0.43
11/05/2018;0.43
14/05/2018;0.45
15/05/2018;0.50
16/05/2018;0.51
17/05/2018;0.54
18/05/2018;0.51
21/05/2018;0.48
22/05/2018;0.47
23/05/2018;0.48
24/05/2018;0.48
25/05/2018;0.45
28/05/2018;
29/05/2018;0.45
30/05/2018;0.42
31/05/2018;0.43
01/06/2018;0.42
04/06/2018;0.42
05/06/2018;0.43
06/06/2018;0.45
07/06/2018;0.43
08/06/2018;0.43
11/06/2018;0.44
12/06/2018;0.42
13/06/2018;0.39
14/06/2018;0.35
15/06/2018;0.38
18/06/2018;0.36
19/06/2018;0.35
20/06/2018;0.37
21/06/2018;0.34
22/06/2018;0.34
25/06/2018;0.33
26/06/2018;0.35
27/06/2018;0.31
28/06/2018;0.32
29/06/2018;0.33
02/07/2018;0.30
03/07/2018;0.30
04/07/2018;
05/07/2018;0.29
06/07/2018;0.29
09/07/2018;0.29
10/07/2018;0.28
11/07/2018;0.27
12/07/2018;0.25
13/07/2018;0.24
16/07/2018;0.26
17/07/2018;0.24
18/07/2018;0.28
19/07/2018;0.24
20/07/2018;0.29
23/07/2018;0.32
24/07/2018;0.32
25/07/2018;0.28
26/07/2018;0.29
27/07/2018;0.29
30/07/2018;0.32
31/07/2018;0.29
01/08/2018;0.33
02/08/2018;0.32
03/08/2018;0.32
06/08/2018;0.30
07/08/2018;0.30
08/08/2018;0.28
09/08/2018;0.29
10/08/2018;0.26
13/08/2018;0.27
14/08/2018;0.26
15/08/2018;0.25
16/08/2018;0.24
17/08/2018;0.26
20/08/2018;0.22
21/08/2018;0.24
22/08/2018;0.22
23/08/2018;0.21
24/08/2018;0.19
27/08/2018;0.18
28/08/2018;0.21
29/08/2018;0.22
30/08/2018;0.22
31/08/2018;0.24
03/09/2018;
04/09/2018;0.24
05/09/2018;0.24
06/09/2018;0.24
07/09/2018;0.23
10/09/2018;0.21
11/09/2018;0.22
12/09/2018;0.23
13/09/2018;0.21
14/09/2018;0.21
17/09/2018;0.21
18/09/2018;0.24
19/09/2018;0.27
20/09/2018;0.26
21/09/2018;0.26
24/09/2018;0.25
25/09/2018;0.27
26/09/2018;0.23
27/09/2018;0.23
28/09/2018;0.24
01/10/2018;0.27
02/10/2018;0.23
03/10/2018;0.30
04/10/2018;0.32
05/10/2018;0.35
08/10/2018;
09/10/2018;0.33
10/10/2018;0.34
11/10/2018;0.29
12/10/2018;0.30
15/10/2018;0.31
16/10/2018;0.29
17/10/2018;0.30
18/10/2018;0.30
19/10/2018;0.28
22/10/2018;0.28
23/10/2018;0.28
24/10/2018;0.26
25/10/2018;0.28
26/10/2018;0.27
29/10/2018;0.27
30/10/2018;0.28
31/10/2018;0.28
01/11/2018;0.30
02/11/2018;0.31
05/11/2018;0.29
06/11/2018;0.29
07/11/2018;0.26
08/11/2018;0.26
09/11/2018;0.25
12/11/2018;
13/11/2018;0.25
14/11/2018;0.26
15/11/2018;0.25
16/11/2018;0.27
19/11/2018;0.27
20/11/2018;0.27
21/11/2018;0.25
22/11/2018;
23/11/2018;0.24
26/11/2018;0.23
27/11/2018;0.23
28/11/2018;0.25
29/11/2018;0.22
30/11/2018;0.21
03/12/2018;0.15
04/12/2018;0.11
05/12/2018;
06/12/2018;0.12
07/12/2018;0.13
10/12/2018;0.13
11/12/2018;0.11
12/12/2018;0.14
13/12/2018;0.16
14/12/2018;0.16
17/12/2018;0.16
18/12/2018;0.17
19/12/2018;0.14
20/12/2018;0.12
21/12/2018;0.16
24/12/2018;0.19
25/12/2018;
26/12/2018;0.20
27/12/2018;0.21
28/12/2018;0.20
31/12/2018;0.21
01/01/2019;
02/01/2019;0.16
03/01/2019;0.17
04/01/2019;0.17
07/01/2019;0.17
08/01/2019;0.15
09/01/2019;0.18
10/01/2019;0.18
11/01/2019;0.16
14/01/2019;0.18
15/01/2019;0.19
16/01/2019;0.18
17/01/2019;0.19
18/01/2019;0.17
21/01/2019;
22/01/2019;0.16
23/01/2019;0.18
24/01/2019;0.16
25/01/2019;0.16
28/01/2019;0.15
29/01/2019;0.16
30/01/2019;0.18
31/01/2019;0.18
01/02/2019;0.18
04/02/2019;0.20
05/02/2019;0.18
06/02/2019;0.18
07/02/2019;0.17
08/02/2019;0.18
11/02/2019;0.17
12/02/2019;0.18
13/02/2019;0.18
14/02/2019;0.16
15/02/2019;0.14
18/02/2019;
19/02/2019;0.15
20/02/2019;0.15
21/02/2019;0.16
22/02/2019;0.17
25/02/2019;0.16
26/02/2019;0.16
27/02/2019;0.19
28/02/2019;0.21
01/03/2019;0.21
04/03/2019;0.17
05/03/2019;0.17
06/03/2019;0.17
07/03/2019;0.17
08/03/2019;0.17
11/03/2019;0.17
12/03/2019;0.16
13/03/2019;0.16
14/03/2019;0.17
15/03/2019;0.16
18/03/2019;0.15
19/03/2019;0.15
20/03/2019;0.14
21/03/2019;0.13
22/03/2019;0.13
25/03/2019;0.17
26/03/2019;0.17
27/03/2019;0.17
28/03/2019;0.16
29/03/2019;0.14
01/04/2019;0.16
02/04/2019;0.18
03/04/2019;0.19
04/04/2019;0.18
05/04/2019;0.15
08/04/2019;0.16
09/04/2019;0.16
10/04/2019;0.17
11/04/2019;0.16
12/04/2019;0.16
15/04/2019;0.15
16/04/2019;0.19
17/04/2019;0.19
18/04/2019;0.19
19/04/2019;
22/04/2019;0.21
23/04/2019;0.21
24/04/2019;0.21
25/04/2019;0.21
26/04/2019;0.23
29/04/2019;0.24
30/04/2019;0.24
01/05/2019;0.21
02/05/2019;0.20
03/05/2019;0.21
06/05/2019;0.20
07/05/2019;0.17
08/05/2019;0.19
09/05/2019;0.19
10/05/2019;0.21
13/05/2019;0.22
14/05/2019;0.22
15/05/2019;0.21
16/05/2019;0.20
17/05/2019;0.19
20/05/2019;0.20
21/05/2019;0.17
22/05/2019;0.16
23/05/2019;0.19
24/05/2019;0.16
27/05/2019;
28/05/2019;0.14
29/05/2019;0.16
30/05/2019;0.16
31/05/2019;0.19
03/06/2019;0.25
04/06/2019;0.24
05/06/2019;0.29
06/06/2019;0.24
07/06/2019;0.24
10/06/2019;0.25
11/06/2019;0.22
12/06/2019;0.25
13/06/2019;0.27
14/06/2019;0.25
17/06/2019;0.23
18/06/2019;0.20
19/06/2019;0.29
20/06/2019;0.29
21/06/2019;0.30
24/06/2019;0.30
25/06/2019;0.29
26/06/2019;0.28
27/06/2019;0.27
28/06/2019;0.25
01/07/2019;0.25
02/07/2019;0.21
03/07/2019;0.19
04/07/2019;
05/07/2019;0.17
08/07/2019;0.17
09/07/2019;0.15
10/07/2019;0.25
11/07/2019;0.28
12/07/2019;0.28
15/07/2019;0.26
16/07/2019;0.26
17/07/2019;0.23
18/07/2019;0.27
19/07/2019;0.25
22/07/2019;0.25
23/07/2019;0.25
24/07/2019;0.22
25/07/2019;0.22
26/07/2019;0.22
29/07/2019;0.21
30/07/2019;0.21
31/07/2019;0.13
01/08/2019;0.17
02/08/2019;0.14
05/08/2019;0.16
06/08/2019;0.13
07/08/2019;0.12
08/08/2019;0.10
09/08/2019;0.11
12/08/2019;0.07
13/08/2019;0.02
14/08/2019;0.01
15/08/2019;0.04
16/08/2019;0.07
19/08/2019;0.07
20/08/2019;0.05
21/08/2019;0.03
22/08/2019;0.01
23/08/2019;0.01
26/08/2019;0.00
27/08/2019;-0.04
28/08/2019;-0.03
29/08/2019;-0.03
30/08/2019;0.00
02/09/2019;
03/09/2019;0.00
04/09/2019;0.04
05/09/2019;0.02
06/09/2019;0.02
09/09/2019;0.05
10/09/2019;0.05
11/09/2019;0.07
12/09/2019;0.07
13/09/2019;0.11
16/09/2019;0.10
17/09/2019;0.09
18/09/2019;0.03
19/09/2019;0.05
20/09/2019;0.05
23/09/2019;0.04
24/09/2019;0.04
25/09/2019;0.05
26/09/2019;0.04
27/09/2019;0.06
30/09/2019;0.05
01/10/2019;0.09
02/10/2019;0.12
03/10/2019;0.15
04/10/2019;0.12
07/10/2019;0.10
08/10/2019;0.12
09/10/2019;0.12
10/10/2019;0.14
11/10/2019;0.13
14/10/2019;
15/10/2019;0.16
16/10/2019;0.17
17/10/2019;0.16
18/10/2019;0.18
21/10/2019;0.18
22/10/2019;0.18
23/10/2019;0.19
24/10/2019;0.19
25/10/2019;0.17
28/10/2019;0.21
29/10/2019;0.20
30/10/2019;0.17
31/10/2019;0.17
01/11/2019;0.17
04/11/2019;0.19
05/11/2019;0.23
06/11/2019;0.20
07/11/2019;0.24
08/11/2019;0.26
11/11/2019;
12/11/2019;0.26
13/11/2019;0.25
14/11/2019;0.24
15/11/2019;0.23
18/11/2019;0.21
19/11/2019;0.19
20/11/2019;0.17
21/11/2019;0.17
22/11/2019;0.16
25/11/2019;0.15
26/11/2019;0.16
27/11/2019;0.14
28/11/2019;
29/11/2019;0.17
02/12/2019;0.22
03/12/2019;0.19
04/12/2019;0.19
05/12/2019;0.22
06/12/2019;0.23
09/12/2019;0.20
10/12/2019;0.20
11/12/2019;0.18
12/12/2019;0.24
13/12/2019;0.21
16/12/2019;0.24
17/12/2019;0.26
18/12/2019;0.29
19/12/2019;0.30
20/12/2019;0.29
23/12/2019;0.29
24/12/2019;0.28
25/12/2019;
26/12/2019;0.26
27/12/2019;0.29
30/12/2019;0.32
31/12/2019;0.34
01/01/2020;
02/01/2020;0.30
03/01/2020;0.27
06/01/2020;0.27
07/01/2020;0.29
08/01/2020;0.29
09/01/2020;0.27
10/01/2020;0.27
13/01/2020;0.27
14/01/2020;0.24
15/01/2020;0.23
16/01/2020;0.23
17/01/2020;0.26
20/01/2020;
21/01/2020;0.25
22/01/2020;0.24
23/01/2020;0.23
24/01/2020;0.21
27/01/2020;0.17
28/01/2020;0.20
29/01/2020;0.18
30/01/2020;0.16
31/01/2020;0.18
03/02/2020;0.18
04/02/2020;0.20
05/02/2020;0.22
06/02/2020;0.21
07/02/2020;0.18
10/02/2020;0.19
11/02/2020;0.18
12/02/2020;0.18
13/02/2020;0.17
14/02/2020;0.17
17/02/2020;
18/02/2020;0.14
19/02/2020;0.14
20/02/2020;0.13
21/02/2020;0.12
24/02/2020;0.12
25/02/2020;0.13
26/02/2020;0.17
27/02/2020;0.19
28/02/2020;0.27
02/03/2020;0.26
03/03/2020;0.31
04/03/2020;0.35
05/03/2020;0.33
06/03/2020;0.25
09/03/2020;0.16
10/03/2020;0.26
11/03/2020;0.32
12/03/2020;0.38
13/03/2020;0.45
16/03/2020;0.37
17/03/2020;0.55
18/03/2020;0.64
19/03/2020;0.68
20/03/2020;0.55
23/03/2020;0.48
24/03/2020;0.46
25/03/2020;0.54
26/03/2020;0.53
27/03/2020;0.47
30/03/2020;0.47
31/03/2020;0.47
01/04/2020;0.39
02/04/2020;0.40
03/04/2020;0.39
06/04/2020;0.40
07/04/2020;0.47
08/04/2020;0.50
09/04/2020;0.50
10/04/2020;
13/04/2020;0.51
14/04/2020;0.53
15/04/2020;0.43
16/04/2020;0.41
17/04/2020;0.45
20/04/2020;0.43
21/04/2020;0.38
22/04/2020;0.41
23/04/2020;0.39
24/04/2020;0.38
27/04/2020;0.43
28/04/2020;0.42
29/04/2020;0.43
30/04/2020;0.44
01/05/2020;0.44
04/05/2020;0.45
05/05/2020;0.47
06/05/2020;0.55
07/05/2020;0.50
08/05/2020;0.53
11/05/2020;0.56
12/05/2020;0.52
13/05/2020;0.48
14/05/2020;0.47
15/05/2020;0.48
18/05/2020;0.55
19/05/2020;0.53
20/05/2020;0.52
21/05/2020;0.51
22/05/2020;0.49
25/05/2020;
26/05/2020;0.51
27/05/2020;0.49
28/05/2020;0.53
29/05/2020;0.49
01/06/2020;0.52
02/06/2020;0.51
03/06/2020;0.58
04/06/2020;0.63
05/06/2020;0.69
08/06/2020;0.66
09/06/2020;0.64
10/06/2020;0.58
11/06/2020;0.47
12/06/2020;0.52
15/06/2020;0.52
16/06/2020;0.54
17/06/2020;0.55
18/06/2020;0.52
19/06/2020;0.51
22/06/2020;0.52
23/06/2020;0.54
24/06/2020;0.50
25/06/2020;0.51
26/06/2020;0.47
29/06/2020;0.48
30/06/2020;0.50
01/07/2020;0.52
02/07/2020;0.52
03/07/2020;
06/07/2020;0.53
07/07/2020;0.49
08/07/2020;0.51
09/07/2020;0.46
10/07/2020;0.49
13/07/2020;0.48
14/07/2020;0.49
15/07/2020;0.48
16/07/2020;0.46
17/07/2020;0.50
20/07/2020;0.46
21/07/2020;0.47
22/07/2020;0.46
23/07/2020;0.43
24/07/2020;0.45
27/07/2020;0.47
28/07/2020;0.45
29/07/2020;0.46
30/07/2020;0.44
31/07/2020;0.44
03/08/2020;0.45
04/08/2020;0.41
05/08/2020;0.44
06/08/2020;0.44
07/08/2020;0.44
10/08/2020;0.45
11/08/2020;0.48
12/08/2020;0.53
13/08/2020;0.55
14/08/2020;0.57
17/08/2020;0.55
18/08/2020;0.53
19/08/2020;0.54
20/08/2020;0.52
21/08/2020;0.48
24/08/2020;0.51
25/08/2020;0.54
26/08/2020;0.53
27/08/2020;0.58
28/08/2020;0.60
31/08/2020;0.58
01/09/2020;0.55
02/09/2020;0.52
03/09/2020;0.50
04/09/2020;0.58
07/09/2020;
08/09/2020;0.55
09/09/2020;0.57
10/09/2020;0.54
11/09/2020;0.54
14/09/2020;0.54
15/09/2020;0.54
16/09/2020;0.55
17/09/2020;0.56
18/09/2020;0.56
21/09/2020;0.54
22/09/2020;0.55
23/09/2020;0.54
24/09/2020;0.53
25/09/2020;0.54
28/09/2020;0.53
29/09/2020;0.55
30/09/2020;0.56
01/10/2020;0.54
02/10/2020;0.57
05/10/2020;0.64
06/10/2020;0.62
07/10/2020;0.65
08/10/2020;0.65
09/10/2020;0.63
12/10/2020;
13/10/2020;0.58
14/10/2020;0.59
15/10/2020;0.60
16/10/2020;0.62
19/10/2020;0.62
20/10/2020;0.67
21/10/2020;0.69
22/10/2020;0.71
23/10/2020;0.67
26/10/2020;0.65
27/10/2020;0.63
28/10/2020;0.63
29/10/2020;0.69
30/10/2020;0.74
02/11/2020;0.71
03/11/2020;0.73
04/11/2020;0.64
05/11/2020;0.65
06/11/2020;0.67
09/11/2020;0.79
10/11/2020;0.79
11/11/2020;
12/11/2020;0.71
13/11/2020;0.72
16/11/2020;0.72
17/11/2020;0.69
18/11/2020;0.72
19/11/2020;0.68
20/11/2020;0.67
23/11/2020;0.70
24/11/2020;0.72
25/11/2020;0.71
26/11/2020;
27/11/2020;0.68
30/11/2020;0.68
01/12/2020;0.75
02/12/2020;0.79
03/12/2020;0.76
04/12/2020;0.81
07/12/2020;0.80
08/12/2020;0.78
09/12/2020;0.79
10/12/2020;0.78
11/12/2020;0.79
14/12/2020;0.77
15/12/2020;0.81
16/12/2020;0.79
17/12/2020;0.81
18/12/2020;0.82
21/12/2020;0.82
22/12/2020;0.80
23/12/2020;0.83
24/12/2020;0.81
25/12/2020;
28/12/2020;0.81
29/12/2020;0.82
30/12/2020;0.81
31/12/2020;0.80
01/01/2021;
04/01/2021;0.82
05/01/2021;0.83
06/01/2021;0.90
07/01/2021;0.94
08/01/2021;0.99
11/01/2021;1.01
12/01/2021;1.01
13/01/2021;0.96
14/01/2021;0.99
15/01/2021;0.98
18/01/2021;
19/01/2021;0.96
20/01/2021;0.97
21/01/2021;0.99
22/01/2021;0.97
25/01/2021;0.92
26/01/2021;0.94
27/01/2021;0.92
28/01/2021;0.95
29/01/2021;1.00
01/02/2021;0.98
02/02/2021;1.01
03/02/2021;1.04
04/02/2021;1.04
05/02/2021;1.10
08/02/2021;1.08
09/02/2021;1.07
10/02/2021;1.04
11/02/2021;1.05
12/02/2021;1.09
15/02/2021;
16/02/2021;1.17
17/02/2021;1.18
18/02/2021;1.18
19/02/2021;1.23
22/02/2021;1.26
23/02/2021;1.26
24/02/2021;1.26
25/02/2021;1.37
26/02/2021;1.30
01/03/2021;1.32
02/03/2021;1.29
03/03/2021;1.33
04/03/2021;1.40
05/03/2021;1.42
08/03/2021;1.42
09/03/2021;1.38
10/03/2021;1.37
11/03/2021;1.40
12/03/2021;1.50
15/03/2021;1.48
16/03/2021;1.47
17/03/2021;1.50
18/03/2021;1.55
19/03/2021;1.58
22/03/2021;1.54
23/03/2021;1.48
24/03/2021;1.48
25/03/2021;1.49
26/03/2021;1.53
29/03/2021;1.59
30/03/2021;1.57
31/03/2021;1.58
01/04/2021;1.52
02/04/2021;1.53
05/04/2021;1.56
06/04/2021;1.51
07/04/2021;1.52
08/04/2021;1.50
09/04/2021;1.51
12/04/2021;1.51
13/04/2021;1.48
14/04/2021;1.48
15/04/2021;1.40
16/04/2021;1.43
19/04/2021;1.45
20/04/2021;1.43
21/04/2021;1.42
22/04/2021;1.41
23/04/2021;1.42
26/04/2021;1.40
27/04/2021;1.46
28/04/2021;1.46
29/04/2021;1.49
30/04/2021;1.49
03/05/2021;1.47
04/05/2021;1.45
05/05/2021;1.43
06/05/2021;1.42
07/05/2021;1.46
10/05/2021;1.47
11/05/2021;1.48
12/05/2021;1.53
13/05/2021;1.50
14/05/2021;1.47
17/05/2021;1.48
18/05/2021;1.48
19/05/2021;1.52
20/05/2021;1.48
21/05/2021;1.46
24/05/2021;1.46
25/05/2021;1.41
26/05/2021;1.44
27/05/2021;1.47
28/05/2021;1.44
31/05/2021;
01/06/2021;1.46
02/06/2021;1.46
03/06/2021;1.47
04/06/2021;1.42
07/06/2021;1.41
08/06/2021;1.39
09/06/2021;1.34
10/06/2021;1.31
11/06/2021;1.31
14/06/2021;1.35
15/06/2021;1.35
16/06/2021;1.36
17/06/2021;1.29
18/06/2021;1.19
21/06/2021;1.23
22/06/2021;1.23
23/06/2021;1.24
24/06/2021;1.23
25/06/2021;1.26
28/06/2021;1.24
29/06/2021;1.22
30/06/2021;1.20
01/07/2021;1.23
02/07/2021;1.20
05/07/2021;
06/07/2021;1.15
07/07/2021;1.11
08/07/2021;1.11
09/07/2021;1.14
12/07/2021;1.15
13/07/2021;1.16
14/07/2021;1.14
15/07/2021;1.08
16/07/2021;1.06
19/07/2021;0.98
20/07/2021;1.03
21/07/2021;1.08
22/07/2021;1.07
23/07/2021;1.08
26/07/2021;1.07
27/07/2021;1.05
28/07/2021;1.06
29/07/2021;1.08
30/07/2021;1.05
02/08/2021;1.03
03/08/2021;1.02
04/08/2021;1.02
05/08/2021;1.02
06/08/2021;1.10
09/08/2021;1.10
10/08/2021;1.12
11/08/2021;1.12
12/08/2021;1.13
13/08/2021;1.06
16/08/2021;1.05
17/08/2021;1.03
18/08/2021;1.04
19/08/2021;1.02
20/08/2021;1.03
23/08/2021;1.02
24/08/2021;1.05
25/08/2021;1.12
26/08/2021;1.09
27/08/2021;1.09
30/08/2021;1.09
31/08/2021;1.10
01/09/2021;1.11
02/09/2021;1.09
03/09/2021;1.12
06/09/2021;
07/09/2021;1.16
08/09/2021;1.13
09/09/2021;1.07
10/09/2021;1.12
13/09/2021;1.12
14/09/2021;1.07
15/09/2021;1.10
16/09/2021;1.11
17/09/2021;1.14
20/09/2021;1.08
21/09/2021;1.11
22/09/2021;1.07
23/09/2021;1.14
24/09/2021;1.18
27/09/2021;1.17
28/09/2021;1.23
29/09/2021;1.25
30/09/2021;1.24
01/10/2021;1.21
04/10/2021;1.22
05/10/2021;1.26
06/10/2021;1.23
07/10/2021;1.26
08/10/2021;1.29
11/10/2021;
12/10/2021;1.24
13/10/2021;1.19
14/10/2021;1.16
15/10/2021;1.18
18/10/2021;1.15
19/10/2021;1.24
20/10/2021;1.25
21/10/2021;1.23
22/10/2021;1.18
25/10/2021;1.17
26/10/2021;1.16
27/10/2021;1.04
28/10/2021;1.07
29/10/2021;1.07
01/11/2021;1.08
02/11/2021;1.10
03/11/2021;1.13
04/11/2021;1.12
05/11/2021;1.06
08/11/2021;1.06
09/11/2021;1.05
10/11/2021;1.05
11/11/2021;
12/11/2021;1.05
15/11/2021;1.10
16/11/2021;1.09
17/11/2021;1.08
18/11/2021;1.07
19/11/2021;1.02
22/11/2021;1.00
23/11/2021;1.07
24/11/2021;1.00
25/11/2021;
26/11/2021;0.98
29/11/2021;1.01
30/11/2021;0.91
01/12/2021;0.87
02/12/2021;0.81
03/12/2021;0.75
06/12/2021;0.78
07/12/2021;0.78
08/12/2021;0.84
09/12/2021;0.79
10/12/2021;0.81
13/12/2021;0.76
14/12/2021;0.77
15/12/2021;0.78
16/12/2021;0.80
17/12/2021;0.75
20/12/2021;0.78
21/12/2021;0.78
22/12/2021;0.78
23/12/2021;0.79
24/12/2021;
27/12/2021;0.72
28/12/2021;0.75
29/12/2021;0.80
30/12/2021;0.79
31/12/2021;0.79
03/01/2022;0.85
04/01/2022;0.89
05/01/2022;0.88
06/01/2022;0.85
07/01/2022;0.89
10/01/2022;0.86
11/01/2022;0.85
12/01/2022;0.82
13/01/2022;0.79
14/01/2022;0.79
17/01/2022;
18/01/2022;0.81
19/01/2022;0.79
20/01/2022;0.75
21/01/2022;0.74
24/01/2022;0.76
25/01/2022;0.76
26/01/2022;0.72
27/01/2022;0.63
28/01/2022;0.63
31/01/2022;0.61
01/02/2022;0.63
02/02/2022;0.62
03/02/2022;0.63
04/02/2022;0.62
07/02/2022;0.62
08/02/2022;0.61
09/02/2022;0.58
10/02/2022;0.42
11/02/2022;0.42
14/02/2022;0.40
15/02/2022;0.47
16/02/2022;0.51
17/02/2022;0.48
18/02/2022;0.45
21/02/2022;
22/02/2022;0.38
23/02/2022;0.41
24/02/2022;0.42
25/02/2022;0.42
28/02/2022;0.39
01/03/2022;0.41
02/03/2022;0.36
03/03/2022;0.33
04/03/2022;0.24
07/03/2022;0.23
08/03/2022;0.23
09/03/2022;0.26
10/03/2022;0.26
11/03/2022;0.25
14/03/2022;0.27
15/03/2022;0.30
16/03/2022;0.24
17/03/2022;0.26
18/03/2022;0.17
21/03/2022;0.18
22/03/2022;0.20
23/03/2022;0.19
24/03/2022;0.21
25/03/2022;0.18
28/03/2022;0.11
29/03/2022;0.06
30/03/2022;0.04
31/03/2022;0.04
01/04/2022;-0.05
04/04/2022;-0.01
05/04/2022;0.03
06/04/2022;0.11
07/04/2022;0.19
08/04/2022;0.19
11/04/2022;0.29
12/04/2022;0.33
13/04/2022;0.33
14/04/2022;0.36
15/04/2022;
18/04/2022;0.39
19/04/2022;0.32
20/04/2022;0.25
21/04/2022;0.22
22/04/2022;0.18
25/04/2022;0.18
26/04/2022;0.23
27/04/2022;0.24
28/04/2022;0.22
29/04/2022;0.19
02/05/2022;0.26
03/05/2022;0.19
04/05/2022;0.27
05/05/2022;0.34
06/05/2022;0.40
09/05/2022;0.44
10/05/2022;0.37
11/05/2022;0.25
12/05/2022;0.28
13/05/2022;0.32
16/05/2022;0.30
17/05/2022;0.27
18/05/2022;0.21
19/05/2022;0.21
20/05/2022;0.18
23/05/2022;0.21
24/05/2022;0.26
25/05/2022;0.27
26/05/2022;0.29
27/05/2022;0.27
30/05/2022;
31/05/2022;0.32
01/06/2022;0.28
02/06/2022;0.27
03/06/2022;0.30
06/06/2022;0.31
07/06/2022;0.23
08/06/2022;0.25
09/06/2022;0.21
10/06/2022;0.09
13/06/2022;0.03
14/06/2022;0.04
15/06/2022;0.13
16/06/2022;0.14
17/06/2022;0.08
20/06/2022;
21/06/2022;0.10
22/06/2022;0.10
23/06/2022;0.08
24/06/2022;0.09
27/06/2022;0.12
28/06/2022;0.10
29/06/2022;0.04
30/06/2022;0.06
01/07/2022;0.04
04/07/2022;
05/07/2022;0.00
06/07/2022;-0.04
07/07/2022;-0.02
08/07/2022;-0.03
11/07/2022;-0.08
12/07/2022;-0.07
13/07/2022;-0.22
14/07/2022;-0.19
15/07/2022;-0.20
18/07/2022;-0.19
19/07/2022;-0.22
20/07/2022;-0.21
21/07/2022;-0.19
22/07/2022;-0.21
25/07/2022;-0.19
26/07/2022;-0.21
27/07/2022;-0.18
28/07/2022;-0.17
29/07/2022;-0.22
01/08/2022;-0.30
02/08/2022;-0.31
03/08/2022;-0.37
04/08/2022;-0.35
05/08/2022;-0.41
08/08/2022;-0.44
09/08/2022;-0.48
10/08/2022;-0.45
11/08/2022;-0.36
12/08/2022;-0.41
15/08/2022;-0.41
16/08/2022;-0.43
17/08/2022;-0.39
18/08/2022;-0.34
19/08/2022;-0.27
22/08/2022;-0.29
23/08/2022;-0.24
24/08/2022;-0.25
25/08/2022;-0.32
26/08/2022;-0.33
29/08/2022;-0.30
30/08/2022;-0.35
31/08/2022;-0.30
01/09/2022;-0.25
02/09/2022;-0.20
05/09/2022;
06/09/2022;-0.17
07/09/2022;-0.18
08/09/2022;-0.19
09/09/2022;-0.23
12/09/2022;-0.21
13/09/2022;-0.33
14/09/2022;-0.37
15/09/2022;-0.42
16/09/2022;-0.40
19/09/2022;-0.46
20/09/2022;-0.39
21/09/2022;-0.51
22/09/2022;-0.41
23/09/2022;-0.51
26/09/2022;-0.39
27/09/2022;-0.33
28/09/2022;-0.35
29/09/2022;-0.40
30/09/2022;-0.39
03/10/2022;-0.45
04/10/2022;-0.48
05/10/2022;-0.39
06/10/2022;-0.40
07/10/2022;-0.41
10/10/2022;
11/10/2022;-0.37
12/10/2022;-0.37
13/10/2022;-0.50
14/10/2022;-0.48
17/10/2022;-0.43
18/10/2022;-0.42
19/10/2022;-0.41
20/10/2022;-0.38
21/10/2022;-0.28
24/10/2022;-0.25
25/10/2022;-0.32
26/10/2022;-0.35
27/10/2022;-0.34
28/10/2022;-0.39
31/10/2022;-0.41
01/11/2022;-0.47
02/11/2022;-0.51
03/11/2022;-0.57
04/11/2022;-0.49
07/11/2022;-0.50
08/11/2022;-0.53
09/11/2022;-0.49
10/11/2022;-0.52
11/11/2022;
14/11/2022;-0.52
15/11/2022;-0.57
16/11/2022;-0.68
17/11/2022;-0.66
18/11/2022;-0.69
21/11/2022;-0.65
22/11/2022;-0.71
23/11/2022;-0.75
24/11/2022;
25/11/2022;-0.74
28/11/2022;-0.77
29/11/2022;-0.73
30/11/2022;-0.70
01/12/2022;-0.72
02/12/2022;-0.77
05/12/2022;-0.81
06/12/2022;-0.83
07/12/2022;-0.84
08/12/2022;-0.83
09/12/2022;-0.76
12/12/2022;-0.78
13/12/2022;-0.71
14/12/2022;-0.74
15/12/2022;-0.79
16/12/2022;-0.69
19/12/2022;-0.68
20/12/2022;-0.56
21/12/2022;-0.53
22/12/2022;-0.57
23/12/2022;-0.56
26/12/2022;
27/12/2022;-0.48
28/12/2022;-0.43
29/12/2022;-0.51
30/12/2022;-0.53
02/01/2023;
03/01/2023;-0.61
04/01/2023;-0.67
05/01/2023;-0.74
06/01/2023;-0.69
09/01/2023;-0.66
10/01/2023;-0.63
11/01/2023;-0.66
12/01/2023;-0.69
13/01/2023;-0.73
16/01/2023;
17/01/2023;-0.65
18/01/2023;-0.69
19/01/2023;-0.70
20/01/2023;-0.66
23/01/2023;-0.69
24/01/2023;-0.66
25/01/2023;-0.65
26/01/2023;-0.68
27/01/2023;-0.67
30/01/2023;-0.70
31/01/2023;-0.69
01/02/2023;-0.70
02/02/2023;-0.69
03/02/2023;-0.77
06/02/2023;-0.81
07/02/2023;-0.80
08/02/2023;-0.82
09/02/2023;-0.81
10/02/2023;-0.76
13/02/2023;-0.80
14/02/2023;-0.83
15/02/2023;-0.81
16/02/2023;-0.76
17/02/2023;-0.78
20/02/2023;
21/02/2023;-0.72
22/02/2023;-0.73
23/02/2023;-0.78
24/02/2023;-0.83
27/02/2023;-0.86
28/02/2023;-0.89
01/03/2023;-0.88
02/03/2023;-0.81
03/03/2023;-0.89
06/03/2023;-0.91
07/03/2023;-1.03
08/03/2023;-1.07
09/03/2023;-0.97
10/03/2023;-0.90
13/03/2023;-0.48
14/03/2023;-0.56
15/03/2023;-0.42
16/03/2023;-0.58
17/03/2023;-0.42
20/03/2023;-0.45
21/03/2023;-0.58
22/03/2023;-0.48
23/03/2023;-0.38
24/03/2023;-0.38
27/03/2023;-0.41
28/03/2023;-0.47
29/03/2023;-0.51
30/03/2023;-0.55
31/03/2023;-0.58
03/04/2023;-0.54
04/04/2023;-0.49
05/04/2023;-0.49
06/04/2023;-0.52
07/04/2023;-0.58
10/04/2023;-0.59
11/04/2023;-0.60
12/04/2023;-0.54
13/04/2023;-0.51
14/04/2023;-0.56
17/04/2023;-0.58
18/04/2023;-0.61
19/04/2023;-0.64
20/04/2023;-0.60
21/04/2023;-0.60
24/04/2023;-0.60
25/04/2023;-0.46
26/04/2023;-0.47
27/04/2023;-0.54
28/04/2023;-0.60
01/05/2023;-0.55
02/05/2023;-0.53
03/05/2023;-0.51
04/05/2023;-0.38
05/05/2023;-0.48
08/05/2023;-0.48
09/05/2023;-0.48
10/05/2023;-0.47
11/05/2023;-0.50
12/05/2023;-0.52
15/05/2023;-0.49
16/05/2023;-0.52
17/05/2023;-0.55
18/05/2023;-0.59
19/05/2023;-0.58
22/05/2023;-0.57
23/05/2023;-0.56
24/05/2023;-0.58
25/05/2023;-0.67
26/05/2023;-0.74
29/05/2023;
30/05/2023;-0.77
31/05/2023;-0.76
01/06/2023;-0.72
02/06/2023;-0.81
05/06/2023;-0.77
06/06/2023;-0.81
07/06/2023;-0.77
08/06/2023;-0.79
09/06/2023;-0.84
12/06/2023;-0.82
13/06/2023;-0.83
14/06/2023;-0.91
15/06/2023;-0.90
16/06/2023;-0.93
19/06/2023;
20/06/2023;-0.94
21/06/2023;-0.96
22/06/2023;-0.97
23/06/2023;-0.97
26/06/2023;-0.93
27/06/2023;-0.97
28/06/2023;-1.00
29/06/2023;-1.02
30/06/2023;-1.06
03/07/2023;-1.08
04/07/2023;
05/07/2023;-0.99
06/07/2023;-0.94
07/07/2023;-0.88
10/07/2023;-0.84
11/07/2023;-0.89
12/07/2023;-0.86
13/07/2023;-0.83
14/07/2023;-0.91
17/07/2023;-0.93
18/07/2023;-0.94
19/07/2023;-0.99
20/07/2023;-0.95
21/07/2023;-0.98
24/07/2023;-0.95
25/07/2023;-0.94
26/07/2023;-0.96
27/07/2023;-0.90
28/07/2023;-0.91
31/07/2023;-0.91
01/08/2023;-0.87
02/08/2023;-0.80
03/08/2023;-0.70
04/08/2023;-0.73
07/08/2023;-0.67
08/08/2023;-0.72
09/08/2023;-0.79
10/08/2023;-0.73
11/08/2023;-0.73
14/08/2023;-0.77
15/08/2023;-0.71
16/08/2023;-0.69
17/08/2023;-0.64
18/08/2023;-0.66
21/08/2023;-0.63
22/08/2023;-0.68
23/08/2023;-0.76
24/08/2023;-0.75
25/08/2023;-0.78
28/08/2023;-0.78
29/08/2023;-0.75
30/08/2023;-0.78
31/08/2023;-0.76
01/09/2023;-0.69
04/09/2023;
05/09/2023;-0.67
06/09/2023;-0.71
07/09/2023;-0.67
08/09/2023;-0.72
11/09/2023;-0.68
12/09/2023;-0.71
13/09/2023;-0.71
14/09/2023;-0.71
15/09/2023;-0.69
18/09/2023;-0.73
19/09/2023;-0.71
20/09/2023;-0.77
21/09/2023;-0.63
22/09/2023;-0.66
25/09/2023;-0.54
26/09/2023;-0.48
27/09/2023;-0.49
28/09/2023;-0.45
29/09/2023;-0.44
02/10/2023;-0.43
03/10/2023;-0.34
04/10/2023;-0.32
05/10/2023;-0.31
06/10/2023;-0.30
09/10/2023;
10/10/2023;-0.30
11/10/2023;-0.41
12/10/2023;-0.36
13/10/2023;-0.41
16/10/2023;-0.38
17/10/2023;-0.36
18/10/2023;-0.28
19/10/2023;-0.16
20/10/2023;-0.14
23/10/2023;-0.19
24/10/2023;-0.19
25/10/2023;-0.13
26/10/2023;-0.16
27/10/2023;-0.15
30/10/2023;-0.15
31/10/2023;-0.19
01/11/2023;-0.18
02/11/2023;-0.31
03/11/2023;-0.26
06/11/2023;-0.26
07/11/2023;-0.33
08/11/2023;-0.44
09/11/2023;-0.41
10/11/2023;-0.43
13/11/2023;-0.39
14/11/2023;-0.36
15/11/2023;-0.37
16/11/2023;-0.38
17/11/2023;-0.44
20/11/2023;-0.47
21/11/2023;-0.45
22/11/2023;-0.47
23/11/2023;
24/11/2023;-0.45
27/11/2023;-0.45
28/11/2023;-0.39
29/11/2023;-0.37
30/11/2023;-0.36
01/12/2023;-0.34
04/12/2023;-0.36
05/12/2023;-0.39
06/12/2023;-0.48
07/12/2023;-0.44
08/12/2023;-0.48
11/12/2023;-0.48
12/12/2023;-0.53
13/12/2023;-0.42
14/12/2023;-0.45
15/12/2023;-0.53
18/12/2023;-0.48
19/12/2023;-0.48
20/12/2023;-0.48
21/12/2023;-0.44
22/12/2023;-0.41
25/12/2023;
26/12/2023;-0.37
27/12/2023;-0.41
28/12/2023;-0.42
29/12/2023;-0.35
01/01/2024;
02/01/2024;-0.38
03/01/2024;-0.42
04/01/2024;-0.39
05/01/2024;-0.35
08/01/2024;-0.35
09/01/2024;-0.34
10/01/2024;-0.33
11/01/2024;-0.28
12/01/2024;-0.18
15/01/2024;
16/01/2024;-0.15
17/01/2024;-0.24
18/01/2024;-0.20
19/01/2024;-0.24
22/01/2024;-0.26
23/01/2024;-0.17
24/01/2024;-0.16
25/01/2024;-0.14
26/01/2024;-0.19
29/01/2024;-0.21
30/01/2024;-0.30
31/01/2024;-0.28
01/02/2024;-0.33
02/02/2024;-0.33
05/02/2024;-0.29
06/02/2024;-0.30
07/02/2024;-0.32
08/02/2024;-0.31
09/02/2024;-0.31
12/02/2024;-0.29
13/02/2024;-0.33
14/02/2024;-0.29
15/02/2024;-0.32
16/02/2024;-0.34
19/02/2024;
20/02/2024;-0.32
21/02/2024;-0.32
22/02/2024;-0.36
23/02/2024;-0.41
26/02/2024;-0.41
27/02/2024;-0.39
28/02/2024;-0.37
29/02/2024;-0.39
01/03/2024;-0.35
04/03/2024;-0.39
05/03/2024;-0.41
06/03/2024;-0.44
07/03/2024;-0.41
08/03/2024;-0.39
11/03/2024;-0.41
12/03/2024;-0.42
13/03/2024;-0.42
14/03/2024;-0.39
15/03/2024;-0.41
18/03/2024;-0.39
19/03/2024;-0.38
20/03/2024;-0.32
21/03/2024;-0.35
22/03/2024;-0.37
25/03/2024;-0.29
26/03/2024;-0.32
27/03/2024;-0.34
28/03/2024;-0.39
29/03/2024;
01/04/2024;-0.39
02/04/2024;-0.34
03/04/2024;-0.32
04/04/2024;-0.34
05/04/2024;-0.34
08/04/2024;-0.36
09/04/2024;-0.38
10/04/2024;-0.42
11/04/2024;-0.37
12/04/2024;-0.38
15/04/2024;-0.30
16/04/2024;-0.30
17/04/2024;-0.34
18/04/2024;-0.34
19/04/2024;-0.35
22/04/2024;-0.35
23/04/2024;-0.25
24/04/2024;-0.24
25/04/2024;-0.26
26/04/2024;-0.29
29/04/2024;-0.34
30/04/2024;-0.35
01/05/2024;-0.33
02/05/2024;-0.29
03/05/2024;-0.31
06/05/2024;-0.33
07/05/2024;-0.35
08/05/2024;-0.36
09/05/2024;-0.35
10/05/2024;-0.37
13/05/2024;-0.37
14/05/2024;-0.36
15/05/2024;-0.37
16/05/2024;-0.40
17/05/2024;-0.41
20/05/2024;-0.38
21/05/2024;-0.41
22/05/2024;-0.43
23/05/2024;-0.44
24/05/2024;-0.47
27/05/2024;
28/05/2024;-0.40
29/05/2024;-0.35
30/05/2024;-0.37
31/05/2024;-0.38
03/06/2024;-0.41
04/06/2024;-0.44
05/06/2024;-0.43
06/06/2024;-0.44
07/06/2024;-0.44
10/06/2024;-0.40
11/06/2024;-0.42
12/06/2024;-0.44
13/06/2024;-0.44
14/06/2024;-0.47
17/06/2024;-0.47
18/06/2024;-0.47
19/06/2024;
20/06/2024;-0.45
21/06/2024;-0.45
24/06/2024;-0.46
25/06/2024;-0.42
26/06/2024;-0.39
27/06/2024;-0.41
28/06/2024;-0.35
01/07/2024;-0.29
02/07/2024;-0.31
03/07/2024;-0.35
04/07/2024;
05/07/2024;-0.32
08/07/2024;-0.34
09/07/2024;-0.32
10/07/2024;-0.34
11/07/2024;-0.30
12/07/2024;-0.27
15/07/2024;-0.21
16/07/2024;-0.26
17/07/2024;-0.26
18/07/2024;-0.26
19/07/2024;-0.24
22/07/2024;-0.24
23/07/2024;-0.15
24/07/2024;-0.09
25/07/2024;-0.14
26/07/2024;-0.16
29/07/2024;-0.19
30/07/2024;-0.20
31/07/2024;-0.20
01/08/2024;-0.17
02/08/2024;-0.08
05/08/2024;-0.11
06/08/2024;-0.09
07/08/2024;-0.04
08/08/2024;-0.05
09/08/2024;-0.11
12/08/2024;-0.11
13/08/2024;-0.08
14/08/2024;-0.11
15/08/2024;-0.16
16/08/2024;-0.17
19/08/2024;-0.20
20/08/2024;-0.17
21/08/2024;-0.13
22/08/2024;-0.13
23/08/2024;-0.09
26/08/2024;-0.09
27/08/2024;0.00
28/08/2024;0.01
29/08/2024;0.00
30/08/2024;0.00
02/09/2024;
03/09/2024;-0.04
04/09/2024;0.01
05/09/2024;-0.02
06/09/2024;0.06
09/09/2024;0.02
10/09/2024;0.06
11/09/2024;0.03
12/09/2024;0.04
13/09/2024;0.09
16/09/2024;0.07
17/09/2024;0.06
18/09/2024;0.09
19/09/2024;0.14
20/09/2024;0.18
23/09/2024;0.18
24/09/2024;0.25
25/09/2024;0.26
26/09/2024;0.19
27/09/2024;0.20
30/09/2024;0.15
01/10/2024;0.13
02/10/2024;0.16
03/10/2024;0.15
04/10/2024;0.05
07/10/2024;0.04
08/10/2024;0.06
09/10/2024;0.07
10/10/2024;0.11
11/10/2024;0.13
14/10/2024;
15/10/2024;0.08
16/10/2024;0.09
17/10/2024;0.13
18/10/2024;0.13
21/10/2024;0.17
22/10/2024;0.17
23/10/2024;0.17
24/10/2024;0.14
25/10/2024;0.14
28/10/2024;0.16
29/10/2024;0.17
30/10/2024;0.14
31/10/2024;0.12
01/11/2024;0.16
04/11/2024;0.14
05/11/2024;0.07
06/11/2024;0.15
07/11/2024;0.10
08/11/2024;0.04
11/11/2024;
12/11/2024;0.09
13/11/2024;0.17
14/11/2024;0.09
15/11/2024;0.12
18/11/2024;0.13
19/11/2024;0.12
20/11/2024;0.10
21/11/2024;0.09
22/11/2024;0.04
25/11/2024;0.06
26/11/2024;0.09
27/11/2024;0.06
28/11/2024;
29/11/2024;0.05
02/12/2024;0.02
03/12/2024;0.06
04/12/2024;0.06
05/12/2024;0.02
06/12/2024;0.05
09/12/2024;0.07
10/12/2024;0.07
11/12/2024;0.11
12/12/2024;0.14
13/12/2024;0.15
16/12/2024;0.14
17/12/2024;0.15
18/12/2024;0.15
19/12/2024;0.25
20/12/2024;0.22
23/12/2024;0.29
24/12/2024;0.30
25/12/2024;
26/12/2024;0.28
27/12/2024;0.31
30/12/2024;0.31
31/12/2024;0.33
01/01/2025;
02/01/2025;0.32
03/01/2025;0.32
06/01/2025;0.34
07/01/2025;0.37
08/01/2025;0.39
09/01/2025;0.41
10/01/2025;0.37
13/01/2025;0.39
14/01/2025;0.41
15/01/2025;0.39
16/01/2025;0.38
17/01/2025;0.34
20/01/2025;
21/01/2025;0.28
22/01/2025;0.31
23/01/2025;0.36
24/01/2025;0.36
27/01/2025;0.36
28/01/2025;0.36
29/01/2025;0.34
30/01/2025;0.34
31/01/2025;0.36
03/02/2025;0.28
04/02/2025;0.31
05/02/2025;0.26
06/02/2025;0.24
07/02/2025;0.20
10/02/2025;0.23
11/02/2025;0.25
12/02/2025;0.26
13/02/2025;0.21
14/02/2025;0.21
17/02/2025;
18/02/2025;0.26
19/02/2025;0.25
20/02/2025;0.22
21/02/2025;0.23
24/02/2025;0.27
25/02/2025;0.23
26/02/2025;0.20
27/02/2025;0.22
28/02/2025;0.25
03/03/2025;0.20
04/03/2025;0.26
05/03/2025;0.29
06/03/2025;0.33
07/03/2025;0.33
